C01_s005	1	33	60.284494	4.353634	ADDAPTPGVTLNARASGHAKIYQAGRDMTITDR
C01_s008	2	33	60.768091	6.057162	EAQSSVEVRLRAEVSGSGRVYQAGRDQHITER
C01_s018	3	32	54.352342	6.646582	TDREPGAVLSARASGRSRIYQAGRDQHVTE
C01_s021	2	33	73.247870	7.711648	QQAAAAPVTMKATASGRGRVYQAGRDQHITEQ
C01_s028	3	32	50.870472	0.934694	RDSLKKVEMHARASGRARIFQAAGNQTINE
C01_s029	2	33	63.942051	10.217427	APQPAGGVQQQATASGNARIYQAGSSLHVTER
C01_s043	2	33	55.732883	2.573595	EQAQVRSVVMRAEAHDNSRVYMAGRDQYITEG
C01_s048	1	26	34.941967	-2.404153	EKHMTLRAQASDQARVYQAGRDLYVN
C01_s051	1	33	56.790902	10.188654	ERDRIATGPIFNVTASGNARVYQAGRDQHFTER
C01_s062	1	32	31.098053	1.939536	GDGLRPVVQSIHAEGNGQANGVMFGNLTAYKG
C01_s068	1	32	38.445428	6.560608	GNSEPKWVQDVVVRDNGKAFLVQGGNIVNHHH
C01_s090	2	33	70.311879	14.103775	AATHASQITQHGTASGRARVYQAGRDVHIHER
C01_s094	1	31	42.116241	11.106904	MDAHAEDRGRVYQASGDQHINEHHHHGGGTT
C01_s099	1	32	28.596522	6.484486	MGNQKNVTQNIDARDSATVKAIANVENANTIN
C01_s107	2	28	27.359277	6.817918	TGRADGQGRVYQALGDLHIVEHHHTAP
C01_s120	1	32	34.717780	12.510460	PAQAGGASTVTDAHPHGRPRLYVSGGDQRFHR
C01_s123	4	32	39.919701	11.538735	AAAPAHHFNVHARGRAQVNVSGGDMRIGR
C01_s126	1	33	46.452232	6.493886	PDTQVVGSQHLEAHASESGRVYQAARDMHITEN
C01_s129	5	32	45.799223	1.483304	RAHRITMKARASGKARITMAGRDVNITE
C01_s132	1	32	45.496451	7.311262	PEEEQQWVMHVVAHDHAQVFASQGGNVIVHQE
C01_s145	1	31	53.676777	13.307780	PPAQAATIQTNVAYDQGTVYAVQTGVQNIHR
C01_s146	1	32	54.477419	9.749258	PPARQVWQQTNTARDNGRVFAALGGNVIVHQG
C01_s148	1	31	57.128197	16.217003	PPPPYAEGHASGHGRVFQSAGDQHITEHHHH
C01_s150	1	33	71.082722	7.686162	PQDLGPRTVQMHAEASGSGRVYQAGRDQHITER
C01_s157	1	32	43.186924	9.858279	PTAQNVWQQSVHATGGGSAYGALGPGSSVHVH
C01_s158	1	32	57.700408	8.893821	PTGQETWVQTNVARDNGRVFAAQGGNVIIHEA
C01_s173	1	33	47.229169	11.844738	QQTPQSGSTVFHAAPTGHARVYQSAGDMNINER
C01_s176	1	31	25.030149	8.815860	RAPAHIEVHAHDQSRVYLANRDLHQTIGSVP
C01_s178	3	31	44.027219	4.224067	SGRAWMQTNTARDNSRLFAAQGGNVVVHG
C01_s181	1	33	55.623468	15.408280	RPSVHQPSVVFNASPSGNARVYQSARDQHITER
C01_s183	2	33	49.901784	11.154521	RPDRRGGISVTAHASGGSRINVAGRDLTVDGR
C01_s188	1	26	35.967225	7.017274	SATVSQNVRAGRDAYTAGRDMTINQR
C01_s197	1	32	33.837569	6.894722	SRSRQSCSQHNTARDGGTQHITLSGDLNVHVN
C01_s200	1	33	60.494927	5.164863	STGDNATNVQMRAEALGSGRIYQAGRDQTIHER
C01_s203	2	33	53.394863	5.014219	AQPGIGSVSMNARATDGGRVYQSAGDMRITER
C01_s210	2	31	73.844286	19.573301	PGGQHSVQHNTAHDNGRVFGVQHGNIVFHQ
C02_s005	1	21	20.678986	11.385315	AAGPSVAINHNTISGGHTTPR
C02_s006	1	31	39.674049	3.777006	AAMGYNIVQNTGNVQGQIVENKGSVTMTFGE
C02_s010	1	25	33.552029	4.226793	ADNDFSGRSAAVVQAGLIQGDVHLR
C02_s012	1	38	48.935339	13.173577	AEAAVSADGNVVQAGDVSGGRVYGGDHVDFSRGTFHGP
C02_s016	1	37	82.788793	15.737480	AGANGVANSISGDVSGPVVQARDIHGGVSFGGGSAQP
C02_s022	1	38	72.917311	11.185750	AGSDAAVTVHNSVNGGVQNGPVIQGQQFSSLTFYSLGS
C02_s026	4	36	71.044361	11.218863	AERSEVRNTVSGSAQVQGPVIQARDIHGGVNLG
C02_s027	2	38	77.582962	16.390619	PAEEHGTVHNSVSDGARITGPVIQGRDFHGPISFGPQ
C02_s035	1	37	76.490623	12.315515	ARADTGGDVHNTVSGTQNGTVFQGRDFSGSITLHLGQ
C02_s036	1	38	41.689354	19.009043	ARASTFHIEVGTNHGAIGGEFSGPVTFHQGPPNHPPQP
C02_s037	1	31	61.813977	11.321344	AREGKVVNTIIGEVTGTAIQAHTIHGGITTT
C02_s038	1	31	63.841894	13.166921	ARGAVHNTISGGGFQQGVIQTGSIHGDVHLG
C02_s043	1	34	79.204149	9.347478	ASADGDAHNTISGGVQNAPVVQGRDFSGLTFHLG
C02_s048	1	33	27.663361	8.633353	ATTVNYITNTHNGGGSTYNDAVIQAGIIHNLKR
C02_s053	2	32	38.404889	8.475939	AASLSSQNAVGNQGPVIQIGRDNSGDVQMGR
C02_s062	1	38	74.947049	21.318928	DPAPSPGSTVNTVSHSTVHGPVIQGRDFTGPVTIGSQG
C02_s063	2	31	40.299396	10.436371	PATQTLIAHASGDARQVNISGNNSGPISFS
C02_s066	5	28	34.334116	1.490552	NTTIYGDVAKLIQIGDVYGDVTIS
C02_s067	2	27	37.133849	8.095685	TGAGVPNLISGGIFFHAVIQGRDITV
C02_s078	1	33	42.117079	9.987233	EPQSGVNQTAENNTGSVIQIGRDNSGSLNTERR
C02_s082	1	37	67.360653	12.842157	GAADGPSEARNTVSGGTQSAVVQARDIHGGVSFRLPP
C02_s100	3	35	66.582299	12.254597	RTGPGEVRNVISGGTQSTVVQARDINGPLTFGG
C02_s101	1	38	67.117203	16.134243	GNDQRDVNVHNTISGGVYHAPVIQTGILGSFNHGTPPD
C02_s107	2	33	66.365878	13.087627	QHAETGGVTNQISGHVGGIVVQARDIEGGITF
C02_s109	1	38	78.725560	16.132413	GSAGPTVSVTNSISGGTQNGPVFQGQTFSALTFNSGHS
C02_s110	1	38	34.243731	10.958953	GSRTVFDKRGQTMHGSQTNIAGSFSGNVLFNQFNGPVS
C02_s116	4	36	83.222188	16.926400	AGGDGVVNSVSGTVQGHVVQARDVHGGISFGSP
C02_s119	1	27	36.240453	9.996372	HNQQNINNNGNIEKQVNIQNVTGNITL
C02_s123	1	23	28.519828	4.866899	IERGARIGGSVVQARDIHGRFDL
C02_s131	2	36	83.013860	15.771536	GDQQVADVHNTISGGVQHGPVIQAGNVGSLSFGPP
C02_s148	2	37	59.888110	10.719698	PGDGADSVSNSVSGQVWYGPVVQGRDFHAADGIHIQ
C02_s153	2	24	32.417341	8.838176	VNDFSGVGGQVIQARDIGSVTFA
C02_s154	2	37	67.266999	12.793923	VRAGNGAVTNSVSGGTHNGQIFQGRDFTHLSLHAAP
C02_s157	1	23	27.825526	7.572040	MNNVSGSAERVVQGRDFPHANIT
C02_s164	2	31	61.779784	7.965030	AQGDVHNTIVGEVSGTAVQARDIEGGLNIG
C02_s186	3	35	77.824616	15.832824	QTGSGDVRNEVSGTVHGNVVQARDIHGSIRFGN
C02_s191	1	38	54.910789	14.602213	PRPHQGERNRFEISGGTFHAPVQMAENIHGTTFHTGPA
C02_s206	1	37	75.616043	14.577097	QGAGDTSQTSNTISGSVSGPVVQARDIHGGVHLGVKG
C02_s216	1	36	55.779653	14.287272	QRGGDTIINTAGDIGGGSFVIQAGHVHGGVHEHKGD
C02_s221	1	38	56.127260	18.915830	QVRVNGDVVINTINGGDFSGVTIQAGRVNNFQTPPGGQ
C02_s246	1	29	44.969862	12.071386	RTENVISGQAQVTNAVQADTINGNITFGR
C02_s247	1	31	66.738089	11.327018	RVGGVHNEISGSARVTGTVVQAHTVTGLTLP
C02_s251	2	35	65.911928	10.490149	AGEAGAVHNRIGGNARITGPVIQAKDINGPISFG
C02_s261	1	28	50.083312	8.338576	SISGGTQEGPVLQGRDFSGITFQGPGRS
C02_s269	3	38	79.247249	14.898919	RTGQGAVHNTISGGTFHGSVSIVQGRDFHGGLDFRR
C02_s273	1	38	67.014899	9.007624	TAGVPTVILTNNVSGGTQNAPFVQGQRFSGGMTLYGSG
C02_s284	2	37	93.147326	18.265221	GKGTGVTVTNTISGGVQHGPVIQGQSFHGSITFQGP
C02_s287	1	36	76.199145	17.345227	TGTDRSRTVHNTVSGGATVGGPVVQADEIHGGITFN
C02_s304	1	36	76.468827	19.903363	TTRTGSGNVHNSVSGGTQNTVIQARDVSGGIHPGGG
C02_s306	1	37	64.808094	17.711497	TVHNTAHEVHNDISGGTQQTVVQGGNFSHLTFNASPG
C02_s309	1	27	26.914054	7.657761	VGQLVAVSSNIAVAEEVHGGITFGSPP
C02_s312	1	23	38.977930	6.247524	VNINTGNAKNVIQARNIQGGITL
C02_s317	1	24	35.634265	6.246439	VNSFHGHAKNVVQVRDIHGGLTMD
C03_s008	1	31	62.113098	12.170745	AGGATVSGTTFFGPTAMQVGDHNQQTNTFGG
C03_s013	1	31	65.267856	11.144088	AGRAAKYNVTADGAQGVQVGDHGQQTNRFGP
C03_s016	1	26	25.749831	-0.273220	AIDSHLDLREARGVVVGDHAEQKNYF
C03_s017	1	30	67.645060	10.584404	APPAAKYTVTVSGSEGVQIGDHNTQTNTFG
C03_s023	3	30	14.582512	1.753661	QAQAIKIIKNLGFIAEAGSNVTVTQNFY
C03_s034	1	30	53.907797	10.023944	ERQTGRVTVDADGAQGALVGDGNTQHNTFG
C03_s037	2	31	43.758200	14.119475	SGGAVSGNTFRGPVAFQTGAHSTQDIHFGT
C03_s039	4	31	33.041080	8.637173	PGIHGNLFLGNTAIQHGNDNIQVNRFGP
C03_s044	1	30	60.791678	5.325852	GARAGKYDVDASQAKGVQIGDYNTQTNTFN
C03_s046	1	25	40.993560	13.022053	GDHYTVSVHHSSGFQIGSNNQQNVF
C03_s048	1	30	57.468868	3.231891	GERTAKYTVDAREAKGLQIGDHNTQTNTFS
C03_s050	3	28	48.230815	1.679169	RQGKYVVDLRDAKGVQVGDNNTMNIR
C03_s053	1	30	54.102946	8.065751	GGPFDGRRVDLSQAKGVQLGDHNVQHNTFN
C03_s059	1	30	62.750794	13.774385	GQQPRVNVVDARGAKGAQIGDHNTQTNTFT
C03_s077	1	30	44.391820	8.627669	IVSQKYQVQFEGEVKGGQVGDHNTQTNNFN
C03_s087	1	25	39.473480	12.257898	MFRNSFHGPTAFQVGNNNQQVNHFH
C03_s099	1	31	56.307817	10.328901	PGARAVYGNTFNGPTALQIGDHTTQTNTFGA
C03_s100	1	30	54.692261	10.173604	PGIRSDRYVDARDSKGIQVGDRNTQTNHFS
C03_s105	1	33	63.710422	17.094172	PQGGAVSGNTFHGPTAVQTGDHNRQENHFGSGG
C03_s111	1	25	43.591793	5.654699	RGKYVVDVHDNKGVQVGDGNTMTVS
C03_s121	1	25	17.489266	2.951244	SGTTQPDLVLQGTQVGPLNTQYNNY
C03_s129	1	25	40.788933	7.011833	TGEHTVSLHGARGVQVGDGTLHVET
C03_s142	3	30	37.414835	11.136797	AGGTINIIGKQINISQAGTGNTQHNTFS
C03_s145	1	25	18.075677	0.256281	WVFGNTFYGPTAINLGAGGVQNNYF
C06_s007	1	30	17.537034	3.149324	AEGVGPIVGNDWVVGGDMRVSDGKGQSSGN
C06_s016	1	28	22.571125	2.281379	DFQVVQRILENVWAGRDITIGDIHQIYQ
C06_s031	1	32	33.077019	7.919176	ESTGTAIRVVDGRFDGDIDLGSIRAGRQDPPP
C06_s033	4	25	11.212495	2.399978	IEGVRAKEIVAGGDQTFEGIST
C06_s052	4	35	14.768249	-6.332974	TGAIKQVMASGIELSADLEAKDMNQKATPGTS
C06_s053	3	36	14.324123	-4.112504	STGMTIQLMGSEINITGDLEVDRMTQKTSGDSFA
C06_s058	3	38	23.346557	1.581288	SQDATIRQVVLSDIEITEGLTVKDLTQTVAGDGSVE
C06_s060	3	37	8.539584	-3.057595	QAQDATIRQVVLSEIELSDDLKAKDINQKATRDGS
C06_s063	3	32	10.310609	-2.582698	QEAKPATKVEQVMGSDIETEGDIEFGNLTQ
C06_s066	2	32	13.223244	-4.983757	SQKATRSSSVQQEMLKDVKAQNVKLGNLSQE
C06_s074	4	38	9.086081	-6.875536	AEALRQEQVIGEKLKAKGSIELDGNTQEATQGKPG
C06_s082	1	32	22.155339	8.439882	QPGKTGVTLRDIEAAASVIIRNITTPDGGVHA
C06_s089	1	32	31.503875	9.699825	RSTGTGVRVVGGSFVGDIEIGSVNAGKSEPQD
C06_s092	2	31	24.272948	3.878828	GTAGGLRSEKIQAGGDVRLTNISGGTSSGN
C06_s094	2	31	38.237772	6.996964	ASGTGVKVEEGEFTGDVDIRGVRAGVDRPP
C06_s097	1	32	29.759423	11.924044	TGGAIGVDARDVQVVGRFTITDVEVKGPANHP
C06_s102	1	32	21.635382	-1.689928	TQETTRSGGSVEQTMLKDIKAGNIEVGNLSQE
C06_s103	1	33	18.790137	1.560640	TQKTSGSSGSVDQEMLTNIEANNINVGDLTQEG
C06_s106	1	32	41.935979	11.990159	TSTGAGVRVHGGRFSGDIHIEDIDAGAGDTSH
C06_s109	1	32	33.322101	11.643814	TTTGSGVIVESTTVQGTFKISGITAGSAEPPH
C06_s119	9	37	29.398138	8.185788	PATIGVVIRRASVGGDIEVKDVAVDGGSG
C06_s121	3	32	21.227820	3.458548	QTTKQGSSTTQEAVTQVDIGGNLKIGNMKQ
C07_s001	6	35	19.136756	8.738382	SQSPTNQIRIETIEKIVNFAQRDINVETQN
C07_s006	6	38	26.435020	4.912275	SQPATVNNSAKLAEKINALFQGTTITGGNVGNT
C07_s010	2	38	23.114665	10.612739	SDVKSQTSVINNFEKIADVINADRGSNVASQININNP
C07_s024	2	23	-10.465779	-5.748390	SQPSVINKFAKLAEEIKAEKGA
C07_s027	2	35	26.423241	1.885599	QSQPGTIVNMTKLAEQIGVLVQGGYADFRGSNFF
C07_s030	3	30	15.880071	2.265645	DNFSKLADKIGAVALPGGTVQVNTQNID
C07_s037	1	38	7.170545	-11.605175	PNPKLAEILAMPNLEKLADKIGQVVMPGGTGNIENMSF
C07_s044	5	37	26.790629	7.095048	QPQQPSTINYQKLADEIKTVIQGSTFNAPVTFN
C09_s001	1	30	33.800136	13.265880	AAAATVTVTTSGERSPAVHNNYGTIHTGDH
C09_s004	1	36	32.797816	3.315207	AEKAPGNRVKASGERAIAVGGNVAGSSLSTGDAKRR
C09_s005	1	31	43.282771	12.985246	AGAGPVNVTASGQRAIAAQTITTAITGDNVT
C09_s014	1	37	47.489012	13.595440	AKQTGSVSNVIASGERAVAIGGNASGNTISTGDTVTH
C09_s019	1	32	29.623199	8.593785	ASATGDRAVAIGRNEGIVSTGDGAYNVIGRQD
C09_s024	1	31	37.668218	12.416631	DRNGGAGSVAVGGDVSGIVSVGDGATNIVRR
C09_s029	1	29	41.442790	13.267622	ETTIEQHITASGQNSTAQGVIGGTITNHP
C09_s030	4	25	21.179290	7.877246	GRPAEQASVAVQGGNAGIISTG
C09_s035	1	31	39.758768	12.051170	GEPVQVTASGTRAVAAKTVGVAITGDNNTVQ
C09_s047	1	38	40.934433	13.447538	HRSSGTVVGDGGLAVGGDLNVSADNHSVAAGVVNGGVH
C09_s048	2	32	42.899142	11.228520	RTASVVVASGERSIAAGGNIGVAITGDGHGS
C09_s052	2	37	33.892532	11.544065	PAAHAQVAADHGAVAVGGDLTVRSDGGSVAAAVIRG
C09_s066	1	37	49.973792	15.497847	PPPPPVVHAEGERSVAVGGDNSGTISTGDGAGGAPRR
C09_s074	3	29	28.554390	6.593759	ARGAGASAGDGGVAVGGDVEIRADGGS
C09_s077	1	34	51.949841	14.161478	QENRGVTVTASGPRSIAAGGNIGVAITGDGHTAP
C09_s088	1	31	45.046471	9.503466	SGAGSITITASGERSIAAQHIGNAYTGDGHG
C09_s105	2	33	30.827260	9.146183	PVTASGERSVAVGGHNSGLIVTGDANRIESAR
C09_s109	1	21	11.884227	3.991735	VTAAGERPVAVGGEHLAESGH
C12_s003	4	34	25.696261	-0.625615	NSEAKQVIENWKGINIKGGTNTISNNTLTFN
C12_s010	2	27	10.860220	-0.770082	SENWHGINIKGGKNEIKGNTFIFNST
C12_s014	2	33	26.528163	1.776473	QANPQLSTVIEDWKGINIKGGTNTIAGNTFNF
C20_s003	1	37	26.767659	12.610775	ISIQSQFASNRQNINYGRDQINIEHIQGNPRIGGSYP
C20_s013	1	28	23.575310	7.665385	TNVQNTAERQYNNYGRDQFNIETINGDP
C20_s014	1	35	24.742502	7.634290	VHIQNQYQSQQVNANYGRDQFVINQPSGDLKLGGS
Ccya03_s002	1	30	5.295900	-2.825840	EAEKIEDQSVWKMIIRDQGTGSQIENRNTG
Ccya03_s004	2	29	13.016995	4.026520	SAQPTGDNIQISGESYDNSTFKQVGKIE
Ccya03_s022	1	30	18.327620	6.283532	NIHRVEDNSSQIQNIYSGGKGYQTKIGDNT
Ccya03_s023	1	30	25.192661	7.232529	NLHVIEDNSSQVQNNYGGTNYQNKISGGVV
Ccya03_s025	1	29	7.594261	-2.598660	NVGKLLDNSNMTQNNYDNSTGYQTKVETE
Ccya03_s030	1	30	18.755183	3.118304	QNISQEQVQFGEMKQLNRDNAKGFQVQANR
Ccya03_s038	2	29	25.303693	4.701938	QQLIQQQAQMTQNNYGSNNKNYQIGSIN
Cnlr26_s005	1	34	31.802392	7.855877	NPTNSNNIEMNVTASGDSKVTQVGQINAAEVKIV
C01_s004	1	33	56.540180	5.810182	AASPTPPAATQQATASGEARIYQAGRDLHLDQR
C01_s011	1	36	51.350920	11.144574	AERTRVRTLVQSARAEGRSQVNQSGRDLTIHQAPPP
C01_s013	1	33	43.600787	8.290241	AGDGGSTHVEMRGEARDQGQVFQSGHTLNVRFR
C01_s024	1	32	43.820262	0.359310	ARRACLLNQTNTAHGSGTVFAVQRGDLHAYPP
C01_s026	1	35	71.839599	10.993821	ASDAAGPVVTQHATASGNARVYQAGRDQRIEERGG
C01_s033	2	30	33.648318	4.714525	GQGTWIQQSVTGDRNQVIGTMGGNAKAIG
C01_s042	2	33	61.804655	10.273396	DGTRTASHEFRARASGHGRVYQAGRDQNIYGP
C01_s049	2	33	55.090297	5.759865	PRQTAGSVVLRAEARDQARVYLAGRDQHFTDS
C01_s057	1	33	54.470898	3.062313	GAAPGGNRVTMRATAADRAKVYMAGNDLHIHGQ
C01_s058	1	31	60.950964	15.401914	GAGPEVQGRASGQGRVYQARGDQHVTEHHHH
C01_s060	2	33	63.246803	12.722786	ASPSVAPVSQRATSDGHSRIYQAGRDQHISER
C01_s066	1	33	36.849139	12.080898	GGQSLIGSVYISAHTTGNSPAHQAGHDRHITER
C01_s074	1	32	63.310169	14.897286	GRRAHALRQTNTARDSATVFAVQHGSQHIHGR
C01_s086	1	30	41.119182	14.498623	HSEVTQNVRAGRDAYVAGRDQTVTHHHGAS
C01_s097	2	33	40.567458	9.000472	DQARIGQISMTATASDHSHIIQLGQGTQSIVD
C01_s102	2	29	36.969864	8.245358	SELGARASGQGRIFQTSGDQYIQEHHHH
C01_s104	2	31	58.459365	15.405089	TAANEGRATGHGRVYQAAGDQHVTEHHHHH
C01_s113	1	38	62.713287	10.308250	PAARPGRTATMTATARDHGRIYQAAGNQYITEHGAGGQ
C01_s118	1	32	62.083311	9.321676	PAGRQVWTQSNTARDHGTVFAVQGGSLHYHQA
C01_s134	6	34	28.906645	-0.515859	TGSMTMEAHVSGGDAYLAGRDMTVTRGGQ
C01_s149	1	32	42.483951	12.213192	PPVRQQWVQHITARDGGSAYGAQGPGSSVNVH
C01_s156	1	38	58.646263	19.889245	PSGTAAGTVTVHATASEQAQQAVQGQGTQHNSFGPGQP
C01_s160	4	27	26.565507	6.058299	AHQTVTGNYALGDINTAGRDNNFG
C01_s161	1	32	77.779276	13.156477	PTPEVPSVTQHATASGYARVYQAGRDQHIDQP
C01_s162	1	32	43.217360	12.512479	PVSAAVIRQDNRAYDHGTVNAVVNGDLTVHPT
C01_s165	1	37	54.548217	17.469159	QASNTYTVGSQNAVATNHGQVFQSGGAQTINQAGRNS
C01_s169	1	33	64.688210	1.749549	QEQSRIGTLLMRAEASGSGRVYQAGRDQHITER
C01_s175	4	36	39.602342	14.390972	ADTDTVHVVQNITANRNAFIAGRDQHISFPQEP
C01_s180	1	26	33.584802	2.189310	RPEVSLRAGAHDGGRIYQAVGDQYIY
C01_s182	1	38	38.159596	15.236491	RQLAARDSFTVVQRITARRDAYTAGRDQHITSHPHQRP
C01_s193	1	32	45.137385	11.512760	SGGPTISGNVDIRADHGSAAAVQMGDVTVGTP
C01_s206	1	35	54.278681	8.755569	TGRTWRGDVTQRATASDHSRIYQVGQGDLHVRGDG
C01_s209	1	31	8.006772	4.747732	VDPSAGDISIRDRARWNSAARDQYIVEIGHQ
C02_s015	3	36	64.871013	13.941640	STGPGTVRNTIRGDVRDGSTVVQAGHITGDINLR
C02_s017	1	31	73.994281	11.147896	AGDGSVANHVSGTVSGRVVQAGEIHGDVRLG
C02_s032	1	30	72.171162	13.008766	AQPGTVSNTITGNVSGRVIQMRDVHGNINF
C02_s039	1	37	70.771662	17.257161	ARGAVSNTITGNVSGTAVQAHTISGGITTTYHGDHVD
C02_s040	2	36	79.859078	9.462888	RPTGSGDVHNEISGGDFKGPVIQARDINGPLNFGR
C02_s045	3	35	60.268434	10.072940	QEGGGAVHNSIRGDVSGGAKVIQTRDIHGSVNL
C02_s046	1	38	86.901536	16.586890	ATADASGAVHNSISGGTVHGPVLQGRSFSNVTFHAPRP
C02_s058	1	38	76.902710	14.039986	DGGSVPRVHNSVSGGTQYGPVVQGENFSGLRFDIRTPP
C02_s060	1	33	56.043478	5.806094	DGSVTNIVGGNARIDGGLLQARDVHGSITLGGT
C02_s064	1	38	50.193883	20.757732	DPRVQVTTVHNEISGGRHGITLQIGTNQVVNNHTHQQG
C02_s069	3	35	69.552484	10.895932	AASQAQVHNEISGGTQETVIQGGDFSNLTFHVR
C02_s071	2	34	83.075707	13.347106	GAGGVANSISGDVHGPVVQARDVHGGINLGGRP
C02_s077	2	37	66.876551	15.972181	PGITVRDVHNTMTGGAHRGTVIQAGVISRVDQSGGG
C02_s079	1	38	70.787107	17.427264	EPSAGGVVINNTVSGGTHHAPVIQVGQLGHGTFGSQRG
C02_s105	1	38	69.754079	20.568779	GPHPAAVHNTIHGGVRDSPVVQSGRIGGNVTLGGPPPH
C02_s108	1	38	53.039539	11.420756	GQRVEVTTIHNEISGDVHGIALQIGRVETSNVTMRQPG
C02_s111	4	34	68.023571	14.366985	GRGGSVSNRITGGVQHGNVIQAHTVGDVQLG
C02_s126	2	30	57.239924	15.252046	PRGSVSSQIVGEVSGTAVQAHTIHGGVNQ
C02_s135	2	37	72.055924	20.523160	AGEQSPGVSNVINGGVQHGPVVQTGQITGTAVHTIH
C02_s140	4	35	75.827357	7.573469	TQDGDVRNSVSGGNQYGPVLQGRDFSGLSFTT
C02_s172	1	25	50.144069	9.815939	NSIAGGTVHGPTVMAGAVHGGVAFN
C02_s176	1	27	30.595672	6.012978	PAGATNVVAGSNVGKLIQTNQVGDVSM
C02_s181	1	34	46.871858	15.282025	PEAAVPGSVHNDFRDSTFSGPVQGSGTQNNTFNG
C02_s188	1	38	43.141483	16.702497	PQAHHTTVITNNLTGGVHHSFTLQVGTVGRINRIGNDD
C02_s195	1	38	83.891362	18.903022	PSSTHPITVHNEITGGTQHGPVIQAGRITDLTTGTPPP
C02_s199	1	37	65.052670	13.508133	QAIRTAGSVHNEISGGTQHTVLQGQDFSHLTFTVSPT
C02_s201	1	38	74.207897	13.836614	QAPGPTVTVNNSTNGGTYYGQVIQGHDISGLTFNGGGT
C02_s208	4	28	41.505019	4.614981	GFSITGGRQDKVVMAQNIHGNINMS
C02_s213	2	37	78.603232	15.231956	PSAPTVSVSNSVSGGTQYAPVVQGQNISHFTLNGSG
C02_s219	1	37	64.399157	14.285381	QTVSSSGEVHNHISGGTQREVLQGRDFSNITFNVPTD
C02_s220	1	28	37.804157	8.312605	QVHAEIHGGEFNGPVQLGGVQTNYFGNR
C02_s228	2	36	53.559280	7.497833	ATADSGEHRNEISGGEFNGPVIIARDINGPMTFGQ
C02_s233	4	36	76.408397	13.245940	QSRHDVSNTISGDARVTGPVLQAGDVHGSINFG
C02_s242	1	39	59.611304	16.277209	RQQSGGSVYNQTVNHGTITESVIQAGRITTYNNYQSPPP
C02_s243	1	36	61.000130	17.264998	RQRPGATVHNEIHNGTFNESVVQAGRITHNYQSPPG
C02_s244	1	38	61.365135	14.379554	RSRTGSGDTYNSVSGTVHGGLVVQGRDFGTTTIGFPRS
C02_s245	5	34	30.863799	8.643659	GSGDTYNSVSGTVHGGLVVRGAGLRDHDHR
C02_s255	2	33	28.058214	2.257345	ESGAMVIGVQRNEGSGIFIGRDMSGNIGEFDR
C02_s258	1	29	72.028796	10.878915	SGGTVTNTVNGDVSGTVIQGRDFHGDLRF
C02_s264	1	25	52.032043	9.328993	SNEQSGNVSGLSVQAGVIHGGVHFG
C02_s266	1	38	66.921968	10.191304	SPSGRVGHVYNTISGGEYRGTVIQAGSIGSADLRGGSP
C02_s278	3	36	82.089671	17.447353	GTATDGGVVNQVSGHVHGNVVQARDIQGGITFGG
C02_s280	1	38	94.272558	17.348918	TETPAAAPVTNTITGGTQHGPVLQGRDFSGVTFHTQPP
C02_s290	4	36	71.726384	9.667685	AEQDTVHNTVSGEARISGNVIQGRDFSGPINLG
C02_s294	1	21	31.667225	7.420520	TNNFSGRGGVVYQGRDFTIGG
C02_s295	1	25	45.333960	6.528302	TNSLPGNVDGQLVQAGVVNGAITFN
C02_s298	4	34	84.634446	13.666592	ASSGGVNNSITGTVHGKVVQARDITGGITFH
C02_s300	1	24	22.021272	2.995048	TRNTMDGQADAVVQAGRIGELHQY
C02_s326	2	31	42.380307	11.586766	GTANEDINIHVAGNIQGVIAREVHGGVTFN
C02_s327	2	37	79.144491	17.592629	AARPPGTVHNSITGGRQGGPVVQGHTFTRLTFRTTG
C03_s001	1	29	51.370053	6.176874	AAAAGRFQVDLRDAKGVQVGDGNVQINRF
C03_s019	1	31	56.772863	15.129826	ARSSAVSGNTFHGPTAFQVGDHNRQDNRFGP
C03_s021	1	30	50.498585	7.685608	ATAAGRSRVDARYAKGVQVGDRSTQYNTFT
C03_s022	1	25	24.893614	2.874473	DDRPLVFEGPLAVQIGDHGVQNNYF
C03_s024	2	31	41.824538	3.934118	PALTKFRMELRDNKGVQVGNHNVQHNHFGA
C03_s027	1	30	63.674854	9.481039	EARASRYRVSADNAKGVQVGDHNTQTNTFS
C03_s032	1	26	43.498219	0.857800	EGRYVIDLRGAQGVQVGDNPTMTLNF
C03_s035	1	31	46.407620	7.039497	ESAAGKYNTVFQGEVKGVQVGDSNTQTNTFS
C03_s066	1	28	43.006955	15.369023	GSTFNLNGAVFHGSTQVGDHNHQHNTVH
C03_s076	1	32	21.046906	7.591313	IQYNNTKNLKNTGFVAESGSNVSQVTVNQTFN
C03_s080	4	28	37.747370	5.861042	APGGVVINGDAKGLQVGNENVQFNR
C03_s083	2	29	35.865296	9.533572	KSGDTISIGKQINVDQSGTGNTQTNTFN
C03_s085	1	25	27.964856	6.114368	MAGDVFHGPVAGQLGDHTTQYNSFH
C03_s088	2	22	22.250203	6.707323	IDKQINIQQDGQGNVINNFFS
C03_s094	1	30	27.032507	8.743957	NQSNPYVINMMKNVGIVNQGTIHNPTFHFN
C03_s098	1	29	56.673547	9.224625	PANATKYRIQITDAKGVQVGDHNTQTNTF
C03_s104	1	30	55.345194	5.192238	PQGAAAGKYDLRGSQGVQIGDSNTQNNTFK
C03_s107	1	30	45.290336	8.200672	QATAASYQMSADSVKGVQFGSHNTQTNTFS
C03_s110	1	31	44.135788	12.266933	RDIGTVQGSTFHGPTAAQFGDHNTMRNTFGS
C03_s122	1	30	39.642797	10.609134	SIPGSFQTTFEAEVKGAQVGHGNQQTNTFS
C03_s130	1	33	51.571437	13.389940	TGGGVLSGNVFHGPTAVQTGNGNRQDNRFDGGS
C03_s133	1	31	24.767666	3.967372	TGKYNISRITVEGSAAFVIGDKGRQDNRFES
C03_s135	1	25	31.028758	3.491603	TGNGSTFFGPTGAMWGDGNIQNNTF
C06_s008	10	31	9.831766	8.016535	ADIEVGGSFNAHRIHASDVGVR
C06_s010	1	38	30.159846	6.005421	ANIKIGDVLAYRDAIVREVVATGDVEVGNVTGQTGDAI
C06_s012	2	31	48.848396	13.389638	STGGGVSVENTSVDGSFTVTGIRAGTGQPP
C06_s054	4	35	26.149873	2.244484	TGVVRQVMASGIEVSGALEAADMQQKTTRGGT
C06_s061	6	32	0.218914	-5.799479	PDFQSVLENALIEEEIETGKITIENEG
C06_s064	2	32	7.312700	-4.200290	NQRTKQGDSIEQTMAKNLKAKSIKIGDMTQQ
C06_s065	2	32	16.868200	-6.947967	QQKTTRGGTVEQEMLKDIKAGDVKLGNLTQE
C06_s067	11	35	7.790944	-7.863343	AEQRMLTNVKAQNIKLGELTQENKS
C06_s069	1	37	24.934679	2.807692	NIEQVSEGGSGEQVAGRNLEVGGDLKMGDVNQRNQRV
C06_s073	1	28	29.200483	3.435876	PEEILQSILQNVQVGGNLTTGNITQTII
C06_s078	1	34	9.861436	-2.934822	QAVKAGTIVQVMATDIEATNLKAKSMQQKATLHP
C06_s079	1	28	25.705694	4.466534	QKKIIQKAISDIVVHGNLTVGDITQIIN
C06_s084	11	34	14.764940	-6.350795	VEQTMLKNVKVTGDIDLGDLSQEG
C06_s090	4	33	6.312355	-5.424333	SGLVRQEMLTDVETESLEVGNMNQRTKQGD
C06_s099	1	32	10.285415	-0.672555	TKVAHARVGLDIEAGGNALIRNIEGAREIVAK
C06_s101	3	30	24.500582	10.613418	GADGVVADRVKVDGKFSVQNVRVVPQPP
C06_s104	2	31	36.929957	7.346100	SAGAGVIAEDTSVDGSLRISGIRAGTGQPP
C06_s107	3	30	28.656887	6.197509	TGSGVVAEGMSVDGSFTISGIRAGSEQP
C06_s111	6	37	21.034163	5.537834	PEAAATVGVGLIRTEAGGDIEVSDVTVRAGSA
C06_s122	1	32	24.394481	12.676498	VQGGIGVQATDVATGGSMIIRGVQAVQEPPHP
C07_s003	1	19	-6.270387	-2.308180	AKGLQSQSSGQKTYIKTIE
C07_s012	1	38	24.319008	4.857597	IKSQQASTQNYHNTIEKVVNLAQGEGASINIKEQNITI
C07_s015	5	34	32.115788	6.477344	ASQQPTIQNIGKLAEKIAVVAQGGTTNINT
C07_s034	6	31	16.520184	3.180182	GKFAEKIGVYIAPGGQASIGTQIIQG
C07_s036	1	33	32.764676	8.815629	NSHPSVVNNAKLADEIKNVFQGNQFNAPVTFNN
C07_s047	3	34	11.593879	-4.238192	QKAGGVTNLSKLAEKIGVLNQGLILNQQNTIH
C07_s048	1	34	20.094217	-3.910412	VKNEPTLIQNSAKLAEKIGLVVQGGKVEIQNFSF
C09_s012	1	30	38.326426	10.137380	AKAVSVTQTVTGDQNIIIGDASGSFTITQD
C09_s016	1	38	47.596234	17.925699	APRTVTASGERSVAVGGESTGVVSTGDGAHITVHGRHT
C09_s018	1	27	34.045270	11.020893	APTTVTITTSGKRSPAVQTNYGTINTG
C09_s025	2	38	49.385160	18.568424	RSAGHTVIAAGDRSVATGGNVSNSVIVTGDRNTVQHG
C09_s032	2	27	27.496950	9.944466	RPGEASGDRAVAVGHNQGIVSTGDGA
C09_s033	1	31	52.802656	15.999537	GAPGVTVTASGDRSVAAQTIHGNVSTGDTVH
C09_s034	1	26	21.111812	4.918761	GDDAIAQGGGVAAGKGGIAIGGVESP
C09_s040	1	34	38.458090	15.465190	GNVIAQGAGAVAAGPGSVVVGGSVRGSTINAGHR
C09_s043	1	26	18.505424	3.209016	GTAAVVVASGERSIAAGGEHRCRDHR
C09_s049	1	38	47.710431	15.604958	KGAGRVGNTNIAAGDRSVSIGGHVSGSVIVTGDQNQIT
C09_s062	1	31	42.042120	11.967480	PEPAPMNVTASGERSIAAHHIGTAVTGDHHP
C09_s067	1	38	39.618024	16.094444	PRPSGPGDAVQAIGERSVAIGRDNTGTIRTGDSPSNQP
C09_s071	1	27	19.547563	1.105609	PTDIKASGERSMAAQSIGLAVSGDVRF
C09_s085	1	31	28.253305	11.855207	RSEVVHVTASGERSVAANTIDIAVTGDNSTV
C09_s090	5	32	45.219354	8.487833	AQGQGAVAAGAGGIAVGGSVHGGINMPD
C09_s092	2	30	24.020720	4.872217	GARVTALGERAVNVGKMTGGAVVTGDNNR
C09_s093	1	31	36.885963	7.963735	SGGITITASGERSIAAYSIGTVNIDNGRSGA
C09_s101	5	28	22.217078	9.914643	AGSGRRAAVLHTNQGVVQTGDNVR
C12_s001	2	34	25.947950	2.769263	TNPKVVQVLNENWQGISIKGGINTIQYNNFNFG
C12_s004	2	32	27.537719	11.848034	AQSPTTLVNPQGVITTGGQTTVKGSTFNFGS
C12_s009	2	27	12.495769	-2.201789	INENWQGISIKGGEVEVKDNTFNFYP
C20_s005	2	21	7.717546	1.006085	ENKITSQNTNYGRDQFIIYE
C20_s008	1	16	4.302175	0.826693	MSRQYESHGRDQFNIE
Ccya03_s007	1	30	18.819426	1.017909	HAGRLVDNSNMTQNNYDNARGWQTKVEGGT
Ccya03_s011	2	28	20.066364	7.375772	RFGQVIQSNSGNAIGFQALVEDGGVVN
Ccya03_s016	2	27	19.953125	4.502467	SDQHIHDQGKGYQVEVKGGTAYIGDN
Ccya03_s018	2	30	14.954512	-2.515059	AGKLIDQSHMTQNIIGDHAKGWQTKVEGG
Ccya03_s021	1	30	18.210487	1.597238	NIGKIQDNSSMTQNISDNARGWQTKVEAGT
Cnlr26_s006	1	34	19.298335	-1.456721	NSPSPKSIKMEATANDESKLTQVGHVDAENFNLT
C01_s003	1	32	51.918706	15.982959	AARVPSVAQENHASGHGTVNAVVNGDQTNIRT
C01_s017	4	32	42.991061	7.163233	TTVTRTEMRAEASGRAQIYQAGNNITTQR
C01_s032	1	33	67.580658	5.930434	DGQEIRGDVRMEARAEGNGRVYQAGRDQHITDR
C01_s038	2	33	67.115239	10.320322	TGIRTGTQELHAEASGHGRVYQAGRDQHIQGP
C01_s047	1	30	55.334337	5.640239	EGVTSIELRAAARDHGRVYQAGRDQHITER
C01_s061	1	33	71.215601	15.058234	GATVPPATVSQHATATGHSRVYQAGRDQHIAER
C01_s063	1	33	74.529512	11.636647	GERTVAPTVAQRATASGSARVYQAGRDQHITER
C01_s065	1	33	51.747926	9.794775	GGDTDIGSISMRVRASGHSSVTMAGRDVHITGP
C01_s075	1	32	36.355129	6.687853	GRVTTVHDQANSAADRGVVLAVQDGDQYAHLE
C01_s080	1	32	65.098900	12.416399	GTRGRVLRQTNTAHGSGTVFAVQQGDQHAYGA
C01_s083	1	35	36.750194	10.086534	HGAPQTGPVLNAESHDRSRIYQSVGDMNIGQAPTP
C01_s085	1	32	38.220920	11.731465	HQTGNTVSGDGSANAGRDQNISASGGTAVGVL
C01_s091	1	32	29.918840	9.335914	KQRQVVYKQFNTTSGKATSYNVQDGQIHIHQA
C01_s093	4	33	67.582896	11.333029	AGVPAVTQRAIASGHARIYQAGRDQHITEQ
C01_s095	1	28	26.528601	4.610246	MDGHAEDGGRVYQSSRDQHISEYHYHGS
C01_s114	1	32	50.645240	13.217718	PAARQTFVQHNTAEAGGTQNILQSGTINVHTG
C01_s115	1	31	28.545144	0.521054	PAAVRICGQARDSGEIYAAAGDMHIVSRPGR
C01_s125	1	33	63.510472	8.753019	PDQRASAGIRLNADVSGSGRVYQAGRDQHITER
C01_s128	3	33	57.455812	8.553418	AGVVRHVHMRATASDSAQVYQSGGDMTIGRP
C01_s130	1	31	40.468690	10.491455	PEDGRRWTQNVHTHDRSVANVVQGGNQYNHY
C01_s137	1	33	67.155391	4.075777	PERARVETLVMKASATGHGRVYQAGRDQHISER
C01_s143	1	32	52.639853	3.108948	PKGGRNWVMTNIARDHGTVYGAMGGNVIHYHQ
C01_s151	1	32	44.029979	10.309583	PQVQQQWVQNITASAPGSIAQGAYGNIINHSG
C01_s152	1	32	36.239470	0.560173	PRAEQNWTLNVTARDHGRAYGSLGGNVVVYES
C01_s155	2	31	58.246476	13.688454	SAQQTWVQNNTPREHGTVYAVQHGTQHVQP
C01_s159	1	32	54.178393	11.671152	PTGRPHLEQRNSASDGGTVFAVQGGDQPHYSP
C01_s164	1	36	56.632622	13.327534	QAGPQVAVVSQRADAKGKSRVVQVGRDQTIINPERP
C01_s168	2	33	66.647112	7.158898	EQQAVSSQVMKATASGHGRVYQAGRDQSINER
C01_s170	1	33	72.614262	9.801660	QGTAGGNSVQMHAYATGNGRVYQAGRDQHIQES
C01_s177	1	32	75.411086	15.113021	RGSTGPTIAQHAHASGQARIYQAGRDQHNAQP
C01_s184	1	33	65.728891	8.745684	RTAQQGTTVTMTAVAKDSGRIYQAGRDQHITER
C01_s190	2	31	45.283504	7.433142	EETRAWHQTNVAREQGTVYAAQGGNVIHHS
C01_s204	3	32	47.370907	8.740042	RNRVASVVMTAATHDNSRVYMSGRDQHITG
C01_s205	1	34	43.775209	-1.708903	TGQQATASMTLEAQVSGGGDAYMAGRDMTITKGG
C02_s008	1	36	66.814991	13.721367	AARTGAGDVDNRVTGGRQGTVIMGRDFHSPITFNQP
C02_s018	1	38	73.831564	10.697708	AGDVAPQTVRNSISGGVQHGPVLQGQSYSGLTFNSSGE
C02_s028	1	36	90.768026	18.210238	APGHPATVHNTVSGGTQHGPIVQAGTVTGLAFPPDP
C02_s029	1	37	65.535385	19.049245	APQAGVSHQSSGTVSGTAVQAHTLHGGVTNTHNHEGG
C02_s030	1	36	44.761569	13.489461	APTKTVNIGSQHNHGSGAFIGNDHYGDININTRDDR
C02_s031	1	38	64.968815	10.916805	AQNNSVRNTISGGTFNGPVLMGRSFENTTFNNNSGGAS
C02_s033	1	32	34.247550	11.671919	AQRPNIQNTANVEDNYGIVAPGGSVSIGNFSP
C02_s044	4	36	74.970824	11.760469	TESGNVTNTVSGDVAGPVIQARDVHGGIMFGGT
C02_s052	2	24	57.099713	7.212544	NELSGIVNGPVVQAGTIHGGITF
C02_s061	1	30	46.870641	10.341691	DNRVVQQSVSGTVLGKVTQIGGDVHGDISF
C02_s072	2	37	72.877091	4.712795	GARCAGSISNSVSGGVQNAPVVQGQDFYGLSINFGG
C02_s076	2	38	80.313401	19.556925	PDPTAGSVHNVISGGVQHGTVIQAHTIGDVNIGDSRR
C02_s084	5	34	86.083529	13.666525	AAGAVHNTVSGGVQHGPVLQGGRFSGVSFH
C02_s085	3	36	57.892558	14.136259	GQSTQLRHSNQVIGTVHGSVIQGQNVRGRFSLRG
C02_s095	1	31	69.149283	12.469637	GERGRVVNTITGDVYGTAIQAGTIHGGVRTT
C02_s117	1	25	61.522212	12.580703	HNDVTGVVHGPLVQARDVFGGVHFH
C02_s118	1	25	54.622100	10.993525	HNELSGTVHGVAVQAGVVHGDVHIA
C02_s121	1	27	15.775560	3.976799	HYEQHIENQEAVEKQINIQHNTGDIRM
C02_s133	2	31	45.654002	7.804835	QGMAVNVVGGNATFNGPVIQLPSIDGSINF
C02_s134	2	31	21.082742	0.205403	TQIGTQINKDIKQQLNIQEVKGNLNLGIPP
C02_s137	3	35	73.915927	16.077530	AQQSTVNNVIAGEAQVTGPVVQAQNITGPVTFG
C02_s139	7	38	50.178903	15.928616	PDVTNNAGVQQSGSVGGDNIQIQGSGDVTVVR
C02_s141	3	35	68.251605	13.932758	RHTHDVSNSIGGEARISGPVIQAGDVQGSINFG
C02_s146	2	37	65.962653	8.782912	PAVEVRNSISGGVQYGTVIQTGTISGGLTLGGSPDR
C02_s151	4	35	65.777569	14.799808	TATSESTNIVSGGVQHGTVVQAHRIDGGVHIK
C02_s155	4	35	79.416637	11.295234	TGDGEVHNTISGGTFSGPVLQGRDFSGVSSTP
C02_s170	1	23	36.938690	2.314518	NQNFGHVEGKLLQARDIHGDVSF
C02_s175	1	33	50.988616	10.025971	PAEAHGGGVQNTISGGEFHQAVIQTGHIGSVKL
C02_s179	1	37	49.230019	12.911146	PASSQVTNQIYGNVTGTAFQGHTFYGGIVYRGGPSDG
C02_s182	1	33	41.413300	15.013204	PGGQQIINQTQTNTASGNNVGGDFTFAPVQEGT
C02_s183	1	38	45.933661	16.864411	PGPKNRTSVTSSSGVVIGGDNHGPITLNGPGAGNFHQH
C02_s192	1	35	35.462119	8.089466	PSAAPALQVQRNEGSGTFIAGDVIGGLTINHDSSR
C02_s194	3	36	76.248804	13.027285	DSGPATVYNAISGGVQHGPVIQSGRISGLTFHVP
C02_s214	1	38	79.008751	12.492966	QPVGHTVSVTNTISGGTQHGPVLQGEKFSNLTFNGGGA
C02_s224	2	31	59.860233	7.287590	AEHGGVINQITGTVSGKVLQARDIDGGVSF
C02_s225	1	37	74.740307	13.248728	RAGAEAGDVHNHISGGTQGEVFQGRDFSGITLHVHRT
C02_s226	4	34	56.560229	14.188633	RTPGAASFEISGGTQHSVVQAQNVHGDITFN
C02_s230	1	37	61.803393	10.707082	RAVEPEGRVYNTISGGTQQQVFQGQDFSGLTFNIQRS
C02_s236	1	25	51.975858	12.403078	RNDFSGTSHGPVVQAAAIHGGITFH
C02_s240	1	24	50.278806	7.853382	RNELSGQVTGGVVQAGNIGTVNFG
C02_s252	1	37	83.457980	15.260837	SATGGGTDVHNTISGGTQHGAVVQTGTIGSLHFGRES
C02_s274	6	34	59.554388	4.558073	EDAKVINQISGDVGGKVLQAGDIHGNVTF
C02_s276	1	25	38.821991	10.101031	TDNEATNVVGAVVQAGDVHGDIRIR
C02_s285	1	28	42.215950	5.207522	TGNMSISGTMDNTKFVQAQNIHGDINFG
C02_s292	3	37	67.546153	12.045447	RIAPGSVHNTVSGDTRISGSLIQGRDFSGPISFGG
C02_s296	1	34	69.229305	14.773911	TQQHADNGAVNNQISGNVSGKVVQARDIGGNVSF
C02_s301	1	25	40.335234	3.696848	TRSELSGSAWDVVQARDVTGGIHFH
C02_s302	1	38	58.580355	16.101703	TSGGGVSIVNNSVSGGIHHGIIQGRDFLGPATAHDDHP
C02_s305	1	35	54.111912	15.267883	TTTKKTNIGSQHNHGSGTFIGGDNHGGVTVTGGGD
C02_s311	1	23	26.577270	2.950397	VNIFNGNAQKVVQLRDHHGDLHL
C02_s315	1	25	47.040497	10.387373	VNRLDATGAGDVVQARDVHGGVHIH
C02_s320	2	37	62.066486	14.966183	PQQPAVSVHNIISDGEFHAPVFQAARISGVRFGASG
C02_s321	2	37	63.889534	11.714768	QQQKHDVVNVIGGEARITGPVVQAGDVFGSINLGGR
C02_s323	2	35	30.922641	12.997927	RTTGSSDVHNTVSGGRQQTVMDGSGGVPTDLQSR
C03_s003	1	32	38.148526	11.892483	AARNGVLNVHVSGNASIQHGDYNITVNDNRTG
C03_s007	1	25	51.458790	7.088026	AGDRVDASHAQGLQIGEGNTQNNTF
C03_s010	1	27	49.077386	7.293904	AGKYRVDAAHAQGVQVGDRNEQINTFG
C03_s011	1	27	32.580084	5.269348	AGKYVIDVRGANIGAIGDRNQQYNVFG
C03_s012	1	30	60.662148	5.911430	AGPLARYRVDLREARGVQVGDGNTQHNTFG
C03_s018	1	35	56.994797	14.501218	ARRPLPGVRVDRSQGVQVGDNNEQTNHFGAAPGPR
C03_s025	2	30	57.248576	11.831419	PQGGPRFVDAREAKGVQIGSHNTQTNTFN
C03_s029	1	29	54.355207	4.674757	EGASTGKYDLRGAKGVQVGNQNTQTNTFS
C03_s041	1	32	62.713579	10.678669	GAAQGKYAVTIRDSQGFQVGDHNQQSNTFGAG
C03_s042	1	30	62.629090	10.480782	GAQQGRYEVNADQAKGVQIGSHNTQTNTFS
C03_s062	1	34	79.340576	12.900926	GSAAGKYSVDVRGAQGVQVGDGNTQTNTFTAPPP
C03_s065	1	32	57.885595	13.158363	GSSTQVEGNVFHGPAAIQVGDYNRQDNHFGPG
C03_s070	1	31	52.787988	15.580431	GTGGGVHGNVFHGPAFVQGHGGTQNVTLGPR
C03_s073	1	25	29.395322	6.100548	GVKYKVDVSGARVVYVGDHGHQDIR
C03_s086	1	20	24.654887	7.469036	MEVHHNLGAQVGNHNTQHIN
C03_s091	2	25	39.327381	1.871412	RIGSIEINDSTGVMIGDHGTMTLH
C03_s097	1	33	55.723453	16.682539	PAGYSVTGNVIHGPAAVQVGPHGFQVNNFGRPR
C03_s113	1	27	52.873223	12.660442	RQGSRIDLRHSRGVQVGNDNVQTNTFH
C03_s119	1	30	48.242435	9.457825	SGGHTLAGNLFTGPAAIQQGDHNQQTNTFG
C03_s120	1	27	49.098243	8.366499	SGKYRVDVGDSQGVQIGDFGNQQNTFG
C03_s127	1	30	36.075595	3.477360	SSVNKYNVEFQGEVKGAQIGDKNQQENTFN
C03_s131	1	31	56.465441	15.817349	TGGSNVSGNTFHGPTAIQTGDDNRQINHFGP
C03_s140	1	28	49.021877	9.174165	TSKYTVSIRDSQGVQVGDGNTLHIGHPS
C06_s002	1	32	36.272856	8.762508	AAATVGVELTRVDAVGNIAITDVDTGGGTGVR
C06_s006	1	32	42.467527	9.393549	AAGGRGVDATDIKAGGSIRISGVRVGRTDGQD
C06_s020	1	28	22.154087	0.070501	DSEVVQVKLENLQVGGNITIKDITQIYQ
C06_s022	2	33	46.971744	15.926344	AIRQTTVEQHVVGHGNVVAGTGDVTAGNISIT
C06_s023	1	32	9.545599	-1.319901	EGLAHARIALNLDVGGNVLIDNVQDAREIGIR
C06_s029	2	31	35.024211	6.201157	STGDGVRLVDSTIAGEAKISGVRAGFQGPP
C06_s030	2	31	34.636005	9.005585	STGNGVRLTDSNIAGHTKIAGVRAGFSGPP
C06_s036	1	22	14.073667	-2.588108	GVKLTRVEAGGEIEINDLTGSA
C06_s042	3	35	27.207730	6.670912	QVNEGQTNAQQTFGKNWQVGGDVKVGDINQENR
C06_s056	1	38	18.558524	-2.820351	LKANETINQIVLKGVKVQGKAKVGDIDLTATREGAVNQ
C06_s062	2	31	29.298341	7.304198	STGTGVRGRDIKTRGGVEVEGVRAGYNPET
C06_s068	8	36	21.088361	4.630942	GSAAEQVVGRNLGVGGDLKIGDIRQSVHR
C06_s075	1	28	28.331048	3.687653	PQQPFQKVFSNVSVGGDLTAGDITLIYN
C06_s105	2	31	27.919257	9.072683	SSGSGFVAEDTSVAGTLRVNAVHAGVPEPP
C06_s112	1	32	15.982291	5.382668	VAETVGVRLDRVEADADIEISDITTSSGNAAH
C06_s114	1	32	33.638098	11.092779	VASGAGVRVVDAEVIGDIEVSNVQAGVSRTDP
C06_s116	1	32	25.669498	6.606964	VDGGSGVVAEDIAAAGDLRIGRVAARAHREPP
C06_s118	3	30	21.855945	1.798832	EGTGVRIEEAKLSGDVSFDQITVGKTQR
C06_s124	1	32	39.059496	12.333265	VRAGSAVVATDVTAGGSIRISGVRVGSPGEDP
C06_s125	1	32	37.043601	10.503632	VSAGDGVRVKDATVAGPANFGDIVAGFGQPGP
C06_s126	2	31	37.253792	9.042668	STGDGVRVSDSTIEGATEIRGIRAGFTGSP
C07_s004	4	32	18.117480	1.516661	SQPSKPQIYIKTIEKLVNFAQGDINIHEQ
C07_s007	1	38	18.335023	1.960795	DQELQQKQFSIQNLAKLTEKINNFNQAQTIHIIQNNTF
C07_s022	2	37	29.944771	13.154531	SQGVTAENINALFQGSTITGSAVNRDSNNNVVIQNP
C07_s025	2	33	28.824868	5.647249	DSQPATIINSTKLAESIKNVFQGNTFTGTNIF
C07_s028	8	34	20.893746	3.555972	QSTVYNTGKLAENIKNVFQGNTIIGGT
C07_s029	4	32	4.952706	1.543956	QPDKIAEKIAVFAQGGTVYIDKIIIDSQG
C07_s031	2	32	23.429612	7.295917	PEDFGQSIKKIGVYVAPGGQASIGNQVIQGQ
C07_s035	1	33	11.095826	2.289724	NISQEIHHEPNKLADKVGIVALEGSAVNIGTFN
C07_s039	1	38	23.372481	4.904431	QAQPSIVNNFAKLADEIKVEKGSTVAQQVIIEQQHNTY
C09_s003	1	31	38.606531	9.884276	AAGRDIININATDNSIAAGTISGGASIGRPQ
C09_s022	1	38	27.901474	11.691668	DGAAAVGAGAQAVGKGGVIVGGSKTAAPAFDQRGQHVQ
C09_s023	2	37	45.374641	8.401174	GAVAQGPGAVAAGKGGVAVGGDLHGGARIGGTEITG
C09_s028	2	31	26.823999	12.301517	TESGKVVINASHRSVAAQNITGSTISTGHS
C09_s038	1	28	35.631769	7.619649	GGGLQATGFRSVAVGGDVGVAITGDGAR
C09_s041	1	38	43.554883	14.707678	GSSPSLTVTASDHSIAIGGSVGGDVTNIHGDGNIVGDH
C09_s044	1	35	38.351651	10.580152	GVAVDGDLSVTASGAGAIAVGGSVIGSVASNAPPT
C09_s045	1	38	43.501903	16.192693	HGHPGGVSAGPGGVAAGGDVTVRAEGGSVAAGSIQGGV
C09_s057	1	26	19.382415	6.761274	MTDYTFQAIGAGSVAAHHIGTAITGQ
C09_s069	1	31	42.385117	11.331359	PRTVYNNPTTHGDHSLAAGEIHGTVNFGSAP
C09_s070	1	31	42.256988	14.435184	PTAGSVTITASGQRSIAAHTITTAITGDGHR
C09_s082	1	38	39.295416	13.368751	QTSHRSVSAGQSGLAVGGDVHVRADHGSAAAVSMGSVT
C09_s083	1	31	34.479766	12.921801	RPAAQATGARSVSVTDNTGIISVGDGATNIQ
C09_s099	2	38	33.606482	12.946061	PPRRAGTQATGERGVAVGGSIRRPVVTGDDATIVSLG
C09_s103	2	31	33.707574	12.572815	HTATYNVTANGPNSAAIGSVGPSATFHFGG
C09_s108	2	38	32.351920	7.680390	RSAVPAGRTQTAGAGGLVVGGDLSVEAEGGSVAGGVV
C12_s005	4	34	35.869237	8.280528	AQNPTIVNENWQRINIKGGTNTVTGNTFTFG
C12_s007	3	34	24.293651	4.227001	KKEHPHIVNENWQGINFKNANPTISGNTFNFG
C12_s015	4	35	16.998078	-4.792911	EKRLTTVIENWQGINIKGGKPIIKNNTLNFGS
C20_s011	1	34	20.760109	7.567115	NNNQTVDNREYINYGRDQINIDKIDGDNTRIGGS
C20_s012	1	34	22.652689	2.857086	TNIYTQNKSTSSYINNGRDQFNIENMQGNQKLGG
Ccya03_s003	5	30	21.138209	1.358861	PGDNIQMSANAYDNSTVKQVGKIEAD
Ccya03_s010	2	29	18.039058	0.587993	AGQKQDNSSMTQINQDNAKGWQTKVDGG
Ccya03_s029	1	28	15.684017	2.088651	QDDRRLVQINKGDAKGFQTLVTGGIANI
Ccya03_s035	3	30	10.548901	1.997893	MQIEDNSSMSQINYGGTNYQVKTGVDNT
Ccya03_s037	1	26	5.905724	7.275641	VVNVSSIADQRTLNQKSDRSHKTFQN
Cnlr26_s002	1	34	19.751773	-3.553531	NPNHPKSIKLEGTAQGESKLIQVGSVETENLNLT
C01_s015	2	33	73.477235	7.962855	GQPGPVSVVMEAKASGHGRIYQAGRDQHITER
C01_s016	1	35	49.536349	16.741406	AGVRSAGHVVQHVTASGNARQAVLGHGSQVNTFGT
C01_s019	1	32	58.246693	10.713367	APAPPRLEQTNTARDSGTVFAVQGGDQPISGR
C01_s039	2	33	64.831752	8.387532	TPAAAPAVVQRAEAAGSSRVYQAGRDLHIGRP
C01_s044	3	32	60.089675	2.947546	QDRARTVVMRAEARDSARIYMAGRDQHITE
C01_s045	3	30	39.987957	7.138788	RERIYQQTNVAGGNGRVFGVQSGNLIYH
C01_s053	2	33	52.817781	6.749326	RRQQIGQVTMTATAHDSSRIYQSAGDMTINES
C01_s054	4	29	45.483135	4.751824	TPACEQTNTAHDSGTVIAVQHGDLHT
C01_s055	2	33	50.422193	11.390408	SPKGRGNISQSTVASGSSSVNQAGGNITIYRS
C01_s069	1	32	43.343755	12.201810	GQESAQVVQTVNASGSGIVFNLGSGSQHNEVH
C01_s072	1	32	60.822939	12.692671	GRAAVVLEQNNTAHDSGTVFAVQHGDIHTTRG
C01_s073	1	32	54.998287	8.488012	GRGTFTLEQNNTARESGTVFAVQHGDLHATHA
C01_s078	1	32	52.428846	3.670788	GTDADVTFSQRASAAGNAKIYQAGRDLRITER
C01_s081	2	29	36.494462	4.753631	AAAGVTQNVKAGRDAYVSGRDMTVYPRP
C01_s096	1	31	40.125405	10.815432	MDGRAQNDGRVYQTTGDQHVTEHHHYAGGGP
C01_s100	1	31	25.707043	4.172365	MKGRAFGHGRTYQAGGDLTVHEAAVFAPVGQ
C01_s103	2	31	50.280082	12.098615	SGSTEGRAEGDGRVYQSRGDQHITEHHHHG
C01_s105	2	31	47.949289	10.633191	TGGTDGHAEDHGRVYQSHGDQHISEHHYYN
C01_s108	3	32	62.350269	4.269054	QPGTQNVSMNATAKDRGRVYMAGRDQTINE
C01_s110	1	31	52.343009	10.313537	PAAQQQWVQNNTARDDSVVNAVQHGSQHNYY
C01_s117	1	33	68.867317	7.390797	PAEPDARDVHLRARASGSARIYQAGRDQHITER
C01_s121	1	31	56.513951	6.429182	PAQQQQWVQTNVARDNARLFAVQGGNIVYHE
C01_s124	1	25	35.994810	5.208497	PAVVRQDARAEFGSEVNQAGGDLTQ
C01_s131	1	32	56.199261	9.482196	PEDQRAWVQNNVAKDGGQVFAVQGGNVIVHQT
C01_s138	1	32	54.603878	11.469652	PERPDIVIQLNSATHSGEVFAVQHGTQHFASG
C01_s139	1	33	68.071808	6.790012	PGDTAPEQIRMEARASGSARIYQAGRDQHITDR
C01_s140	1	33	78.776846	11.290545	PGEAAAPAVTQHATATGQARIYQAGRDQHIGEQ
C01_s154	1	31	42.896665	9.299225	PRESGNWVQNINAEGHAVVNTVVGGNQVNNY
C01_s171	4	32	43.599276	0.153720	EAPRNLEMRAQASGDAQVYQSGRDMTNIR
C01_s172	1	27	39.014524	12.379310	QPQVRIDTHADGQARQYIAAGDQHIHQ
C01_s186	1	32	62.367436	9.665314	SASLARSVNQQATASGDSRIYQAGSNQTFVQR
C01_s201	1	31	40.476277	6.335444	SVPRPMEGRASGSARIYQAGGDQYIEEHVHH
C02_s001	6	34	64.468140	14.041449	NPPQVSNTITGRVSGSAIQGRDFSGPVTF
C02_s004	1	35	67.176117	14.936441	AADRGSISNVINGGTFNGTVVQSGRIDHLTTHQNP
C02_s007	1	36	68.054034	13.139809	AARPDVVNINTGTVSGNLVQARDIHGSITFGADPSR
C02_s014	1	38	71.021535	9.328166	AEGERGGPVHNTVSGSVHNGSVVQGRDFSGGLNLYDSG
C02_s034	1	38	75.115958	10.247108	AQVPLGGGVHNHISGGTFHAPILQGQSFSGLTFGASPA
C02_s041	1	37	53.739453	9.972484	ARSEGTVNQVSGVVFGPLVQARDIRGGARVTMPSERR
C02_s055	2	37	76.256344	16.291052	DGPSGSVVHNSISGGVQHGQVIQAHTVGDLTIGDSR
C02_s068	5	38	54.702440	15.727302	SGDTLHNVISGGTFSGITIQGKVNGGVHQHQHQP
C02_s070	3	34	47.041960	12.248156	RADAGAVHNDFRHGTFKGPVQGSGTQNITYRT
C02_s074	3	34	69.950035	7.515378	TDGGGFRNTISGGVQYGPVVQGRDLSNLTFGT
C02_s081	1	23	10.358457	-0.934488	FISNAYDNAKVLNMRDNRGSISF
C02_s092	1	31	26.776656	10.848512	GDHVDMSGNRAGRDVIGTQNNHGDRRGESRG
C02_s093	1	32	38.976665	13.008222	GDRSQTVVNSVIVGDAIQIGSIGGDAHIGSPD
C02_s096	2	34	45.565932	12.944840	GGGRGGDTRQEISGGTQHNVVFTRDVHGTINLG
C02_s115	3	35	70.223064	11.377129	DSGGGNVTNTITGDVEGIAIQARDVHGVNLNRP
C02_s128	1	25	41.430829	6.980938	ITGDAYVEGNVVQARDVAGSIVFGT
C02_s149	2	37	67.295437	13.246354	QVHTGSPVNNTVSGGTFHGPQFMGRDFHGFTLNAAA
C02_s156	1	23	30.381482	4.199428	MDNHISGGFFFSAVVMGQQINIT
C02_s158	2	29	49.004878	7.871878	PDLHNTNSGTATNLIQARDVHGDISFGP
C02_s163	1	38	86.594964	18.132166	NADTQPSTVHNTISGGVQNGPVIQSGRITGLTLHTHHP
C02_s165	1	28	37.662632	3.191906	NDGVVNVLNGRAGKVIQLRDVHGDLNIG
C02_s166	1	36	31.791573	9.265518	NDSRQYTIRWQSNTGSGNIINGNNYGSINPAAGTVN
C02_s177	1	38	75.775311	13.088375	PAGTTVSITNNTISGGHYNGPVLMAQTIHDGVHGAARR
C02_s178	1	37	57.370993	8.544277	PARPKANNTVIGDVNGRVIQADTIHGGISLFTEKPAA
C02_s187	2	36	68.744344	18.096500	PRNQASPVHNVISGGVQYGPVIQTGRIDGSVPSTP
C02_s190	1	38	80.503161	14.092428	PREQQPPAVHNTVSGGTQYGPVIQSGRITGLVLHDPGT
C02_s193	1	38	34.030307	16.465225	PSAQRRGAAHDRMSGGVQHGTAFRARSVGSPTVGTIRP
C02_s202	1	38	71.934909	15.131764	QAPTGGGDVRNTIGNGTFSAPVLQGRDFTGISFTSPHP
C02_s204	1	30	40.992884	5.924634	QDSTVTNVVSENARVAKLIQGRDFHGTINL
C02_s212	1	38	71.678188	23.474528	QPAPVVHHTHNTISGGTNQGVFIQAGSVGETSVHHHGG
C02_s231	1	38	66.967658	17.038163	RDQGTARDIHNTISNSEMHGVVIQAGFVNGGVHHHGGG
C02_s232	1	38	88.220785	20.772487	RDRQTVREVHNTISGGVQHGPVIQAGVVSGDVTFPTPP
C02_s235	5	34	78.589402	11.649545	TGEDVHNSISGGTFSAPVIQGRDFTGTNFG
C02_s250	2	34	69.981982	10.907167	ADRTGSVHNVISGGEFRGPVIQTRTINGDLNFG
C02_s253	1	32	21.876560	4.684980	SDDSSVSLNAQAYDESIQINTAGDVNQPNYDF
C02_s254	1	38	66.381025	15.966367	SEGVSTVTINNSVSGDTQNSQVVQGQSFSGGLTFHGQG
C02_s260	1	27	29.616886	5.696884	SIGSTNVVASSNVGKLVQAQRVGDITM
C02_s262	2	27	20.710344	4.219553	IVTKVSGSAQVGKLVNISEVRGDVSF
C02_s265	1	24	35.884613	7.345150	SNNNSGTVTSLVQSRDVHGGIRLG
C02_s268	4	35	57.042413	7.228695	PAVAINHNTISGGHYNAPVIMAQWVDDGVRST
C02_s271	1	38	91.129362	14.881053	TAAARGGTVHNDINGGVQYGPVIQSGRITGLTFHAPPP
C02_s277	4	37	80.003302	19.319684	GGVREVHNTVSGGVHHGPVIQAGVISGSHFTTGP
C02_s279	1	28	33.349798	6.297077	TEQYFNNFSGTAKQAIQVQKVSGTINIS
C02_s283	1	38	30.372753	12.829829	TGEVRAQVSVHHNTGSQVLIAGGSVTAHDFSYGASEQR
C02_s288	1	28	20.866698	3.024607	TITQTLTIYSEQVGKVIQIGKARDVDIS
C02_s293	1	25	45.075077	7.185983	TNELTGRIAGSSVQAGSIAGGVHIT
C02_s313	2	23	19.793827	-0.204289	NMFNGRSEKVVQMRDVNGQLNI
C02_s314	1	24	31.016041	1.944595	VNNFHGQAEKVIMTGDIDGGLTIN
C02_s319	1	23	32.220972	4.538533	VNVNHGEVNNLIQAREIKGNITF
C03_s005	1	33	56.919374	12.759456	AEGSTVSGNTFRGPTAFQIGDGNQQDNHFGSGA
C03_s009	1	31	57.157299	11.920899	AGGHVLSGNTFAGPTAIQVGDHTTQTITFGA
C03_s020	1	29	60.815937	3.870938	ASAGKYRVNVRDSQGVQIGDGNTMTLNFG
C03_s030	1	30	30.479259	3.209535	EGRGDVYNLDMPEAKGVAVGPNVQQTNTFN
C03_s040	2	30	32.531145	4.578900	TGANGYLFLGDAAIQNGNGNIQVNRFGPR
C03_s052	1	27	47.003881	6.338423	GGKHQVDARGAKGVLVGDNSAQTNTFN
C03_s056	1	25	30.245379	6.915319	GKFNVEFKGKTQGVVIGDHNIQHNQ
C03_s058	1	30	58.227487	13.163984	GPQGRTFRVDLSRGRGVQIGDHNIQTNTFH
C03_s060	3	28	50.789233	6.656927	ADGRTAIDLRSAKGVQVGDGNVQHNA
C03_s068	1	30	61.273033	9.592002	GSYAGANVVDAREAKGVQVGDHNTQTNTFN
C03_s072	1	32	63.601876	13.835493	GVGTDRYKVTVTGSQGVQIGSGNTQTNTFTSP
C03_s075	2	31	55.073027	12.828488	GRVAEYNVTVTGSQGVQVGDNARQVNNFGQ
C03_s082	2	25	26.403694	7.435573	GETFAVDHNLGAQVGDNNVQRNTF
C03_s089	1	25	31.233157	4.977832	MNAPDARGLQVGTGNTQINNFGGDA
C03_s093	1	30	18.211956	2.127191	NKSKSEVINIMNNVGIVNYGTVKNPTFYFT
C03_s095	1	22	28.089385	8.076472	NSVMFNKGVVVGDFTTQHNTFH
C03_s096	1	33	36.611172	8.505581	PAAGMSGQNVFLGPAAFQSGDGNVQVNRFDSRP
C03_s106	1	33	48.580367	16.447083	PVAGGVTGNVFHDQAAVQTGDGNVQVNRFDSRP
C03_s112	1	31	32.306791	11.998848	RHQVLNVHGNTYDKSPQQYGNHNHQQIHYGS
C03_s116	1	30	54.879211	11.213011	RVDDARSRIDLRHAQGVQIGDHGIQHNSFG
C03_s117	1	30	62.938390	11.490092	RVEHARSKIDLRHARGVQVGDHNTQHNTFG
C03_s123	1	29	31.604436	6.913832	SKSGDTISIGKQVNVKQLGQNNTQNNNFT
C03_s124	1	30	59.074770	14.413365	SPVPARPSVTVNGGQGVMVGDGNTQHNRFG
C03_s137	1	31	36.132913	9.819182	TKQVYNDLRHAQGVHAGDSGTMNVTFHNHTT
C06_s001	1	32	29.725691	4.650169	AAAAVGVRLQRVEAGGDIEVIDVEVEGGSGVT
C06_s005	1	32	28.173008	3.227023	AAGASGVVAEDVTVSGELSVTDVEVVSELPDP
C06_s009	4	28	15.366443	-0.550664	SIGITIQDIQTAGDLIIKNLKAGGR
C06_s011	1	32	34.755694	4.230667	ASTGDGVRVSGSEIAGAVKISGLRAGFPEAPD
C06_s014	1	32	27.918524	9.020461	ATGASGVDARDVEVTGEFVIRDVEVEASPTHP
C06_s028	2	31	31.965308	5.525619	SAGTGVRGEDLDVAGGIVIGEVSAGGSDPS
C06_s034	3	30	25.813068	3.232610	QAAGVHIKHGEFTGDIEISKVKVEANSG
C06_s039	1	32	38.303151	9.385136	IASGTGVDVKNAEIQGDIDIKQVRSGQTNNPP
C06_s041	2	28	37.464196	10.229423	DNSKNVNTGNIFAGGNVHIGDINVNDN
C06_s047	2	32	20.505698	3.050859	QEADSSATEVSQQMGMGIEAQEDVTFTNSSQ
C06_s048	2	38	4.744018	-9.445835	SDQKANTIFFKDMNIKGSAKLGKIDLKSRGGNMEAVT
C06_s059	3	36	27.469176	2.487640	TQDPKIRQVILSGIELNGDLQAQNITQKTSGSSG
C06_s071	3	33	13.794966	4.222179	QEATQGKPGRQKIGSDIEAGESIKISNNSQR
C06_s072	1	34	26.338818	6.376668	NVEQVSETGVTEQIVGRNLGVGGNLTIGDITQKQ
C06_s077	1	36	36.130632	10.183543	QAQTPGLQTVLDTVRVRGNVEVGNVEQVSETGVTEQ
C06_s083	1	28	34.283748	5.540306	QPQINQSILNNVNVGGNLTTGDIYQNIY
C06_s095	4	29	20.784638	-2.388195	GTGVNLEKGKFQGGITITEVKAGYSE
C06_s098	1	32	47.705062	11.334229	TGGGTGVRAEDVSAGGDITVSGVRATAPGEPP
C06_s110	1	32	15.548826	-0.217960	TVLSGTGVRLKEGYGGTLKISNVRVGGGAEHS
C07_s013	1	35	28.434291	4.074670	INSQQPTIQNLAKLAEKINNLNQAQNITINQTNTF
C07_s019	1	38	18.028538	-0.192845	KSEPSVINNFAKLAENLTIEKTAMVAQQINNTGSITNN
C07_s023	2	37	25.930393	7.126871	SQPSGKQNFTNFIEKVVNLVQGTGASINIDKQDIHF
C07_s038	1	35	18.872779	3.515457	QAQPAIVNNFAKLAESIQAEKGSMVAQQIIINNPQ
C07_s041	1	34	22.613208	-0.197589	QQQLGTVVNQTQLAEKIGILIQGGYNPITIDKFE
C07_s043	4	37	4.968415	-4.505156	SAKSSQNTINCEKLADDLKNFFQNPIFNAPVTFN
C07_s045	5	37	25.931979	4.871603	QSQQASVINNQKLADSIKNVFQGNTSKNLFQGT
C09_s002	1	37	57.213580	15.711362	AAAGVTVTTVTAFGHRSVAVGGDVKGTITTGDAPRPP
C09_s010	1	32	43.061044	12.141815	AGVNVIASGNRSVAIGGNVSGSTIITGDQNQK
C09_s013	4	35	35.802351	15.277660	VNVSVIASGNNSVATSGSVSGIINTGDNNTNV
C09_s026	2	26	18.993483	2.136141	DTSWSGIEAVGPRSIAAGQIGNAYT
C09_s039	1	31	37.086186	13.296571	GGTSFTASGQGAVAVQHNSGIISTGSDATIQ
C09_s042	1	31	47.457524	11.817652	GSTVHNTPTATGQGSIAAVEIHGDIHMGGSG
C09_s051	2	37	40.927068	11.427713	GERSVAIGGDVTGSVIVTGDRNTVQQGKYNIQIDQA
C09_s055	5	26	16.739443	3.178532	AVGGDVSVAITGDGARVVMLPA
C09_s065	1	34	39.459522	13.214555	PPAAQADGARSVAVSGSVSGIVSTGDAAINIQRR
C09_s073	1	31	50.446253	17.172370	PTTTTVHVTASGDRSVAAQHISGTVITGDGH
C09_s079	1	38	41.689832	11.993838	QGSVRAGTGSVTVSDGGVAVDGDLSVTASGAGAIAVGG
C09_s080	1	38	54.183166	10.007630	QQISLTGSGAIAVGNGAVAAGAGGVAVGGDVKGSITTG
C09_s087	2	28	28.654434	12.489516	GAATASAPHAVAISGNANVRITHQNIR
C09_s098	1	31	43.134630	10.233393	TGGETVTVTASGERSIAAKTIGTAVTGDHTT
C09_s102	2	30	43.733068	8.704522	GATSVTASGAGAVAAGGNIGVAITGNKAT
C09_s107	1	31	37.725063	6.301503	VRIVYNSPTATGQGSIAAGEIRGNVYMGGSG
C09_s110	2	30	36.917411	7.771827	VTGPMSVTATGDRSIAAGQIGSVTMGPAP
C12_s008	6	33	22.317564	-4.735280	QQGWTIENWKGINIKGGENTISGNTLNF
C12_s011	2	28	24.061691	5.963040	SNENLQGIITQGGKVIVQDSTFNFGSS
C12_s013	7	29	21.158318	6.723230	RGINFKDVKDGGNVHIHDNTFVF
C20_s004	2	21	17.009699	3.030307	DQKIVNYAQDNINIDNQNIY
C20_s006	2	20	-0.020857	0.142865	SREYKNDGRDQIPIEHLTG
C20_s009	2	19	5.138939	3.245964	TRRYDNEGRDQINIENAR
Ccya03_s009	1	30	22.995227	5.844738	KAGKIQINSQNIQQNYDNSTGFQNDIDGGE
Ccya03_s012	3	28	7.889965	-0.274269	QENKDNAKGWQTEANNSNVYNADTIN
Ccya03_s013	1	28	26.068580	6.191379	MMSQENSGNAQGFQTQVHDGGTAYVGTN
Ccya03_s019	1	30	13.578582	4.741306	NAGKLQDNSPITQNISDNGTGIIATAEGES
Ccya03_s028	1	19	7.435308	-2.925934	QAGKIQDNSSMVQNNWLFG
Ccya03_s033	1	30	19.878171	1.234349	QVINSGNQDNIAMNATAYDNSTVKMVGKIE
Ccya03_s034	1	28	-0.328924	0.177324	SIENLENFYRQSKSRKFQTQDNTKQAGI
Cnlr26_s001	1	34	22.975027	7.853083	EENSVKEKIVATNGSSISDVTQIGVQNIHNVYSS
C01_s006	1	33	59.797404	0.652578	ADQERIGSLVMKAKASGRGRVYQAGRDQTIQER
C01_s023	2	33	72.424553	9.097603	RPPAEPAVTQHATASGNSRVYQAGRDMHLGPQ
C01_s025	1	33	35.611462	9.622372	ARTVNVVQDSGAVAGRDVNMQGGYVAGRDITFG
C01_s027	4	32	62.117456	7.642119	AVVPSVAQDATASGQARVYQAGRDMRIGG
C01_s031	2	33	70.353803	8.147026	ERTAIGSVVMNATATGQARIYQSGRDQHITER
C01_s036	1	33	54.834090	17.371740	DQQPTVPAPVFHTHVSGNGRVYNAGRDQHIHER
C01_s037	2	33	53.422529	7.354872	TGARGPSITMTAVVADHGRVYQAGRDQRIAEE
C01_s041	2	35	58.403422	11.643331	AAQKPTVVRQSAKAGGKARINQVGGNQTVINPGR
C01_s052	1	32	45.154740	6.534705	ERGAGVFQQTNTAHDLGTVLAVQQGDLHASRR
C01_s059	1	33	62.348626	6.554914	GAQAVGGNLHLEAHATDSSRVYQAGRDQHITER
C01_s070	1	33	24.767444	13.887188	GQQISAPTINIPDRADDQARRYITGHDQQTTVR
C01_s071	1	32	53.435808	13.960974	GQQSDTAVQVNSVSGSGEVFAVQNGSQHFAFG
C01_s077	1	32	39.280491	14.636407	GSTVFTGAASATAHDHGTAFAQVSTVNIGQVG
C01_s079	1	32	69.502000	11.432317	GTPATPTVTQRATASGSSRVYQAGRDLNVDQR
C01_s082	2	32	71.269453	11.499415	APADLPVTQHATASGHARVYQAGRDQNIQQR
C01_s084	2	29	35.714309	6.438181	GGATYSAEGHDFARVYQAQRDIVIGGGT
C01_s092	2	31	59.617316	12.866055	AAAQQHNLHNNAHGHGTVNAVQDGNQYNFS
C01_s109	1	32	43.961871	10.093155	NRRIFITRQTAVAHDYGSVFAVQNGDMHLHTH
C01_s112	1	32	42.089975	12.125640	PAAQQTFVQNNNAYDNATQNITQTGDIVVGNK
C01_s116	5	32	50.702792	4.243287	PAGNVQLQARAEGSSRIYQAGRDMRVQG
C01_s127	1	33	52.861574	-0.090992	PEADPAGRVEMHGTASDNARLYMSGGDMHITGQ
C01_s133	1	34	69.696740	6.340014	PEERPATAIRLRAEASGNGRVYQAGRDQHITERP
C01_s136	3	32	72.277433	11.966564	QSRIRDITMTATARGHGRVFQAGRDQHIHD
C01_s141	1	32	49.293373	8.954033	PGGARSWTQTNIARDGATQFAVQGGNVIYHQA
C01_s142	1	34	47.197790	2.562498	PGTTYHGDVRQSAKASGNARVYQLGQGEMRISDK
C01_s147	1	32	50.054806	6.626078	PPETAPHSVQLQARADGNARIYQAGRDLRVQD
C01_s174	1	31	24.592111	2.789051	RADRMLRTVAEGSSSVYQAGGDQIIVDYSVQ
C01_s185	3	33	63.928295	14.111944	HPRGTSTVFNATASGHGRVYQSARNQTINER
C01_s187	2	33	57.606209	8.192021	ASSQIGQLGMQARVSGHGRVYQAGRDQHINEQ
C01_s189	1	31	27.456668	4.840442	SEDASLRAAAYEQGRIFQAERDIQITEHHHH
C01_s191	1	32	52.200497	4.302345	SEGKTSWIQNVSAKDHGMAFGAQGGSITVHHT
C01_s195	1	33	51.644165	10.239149	SGRTINGGVRMQARVSGNGRSYQAAGDQHITER
C01_s196	1	29	33.097405	10.399576	SIDKSQHQTATAGDNSTVIQIQGSGKTVG
C01_s208	2	33	62.531626	16.548760	AAPAPRQVHQTARATGGSTVNQAGGNITIVTT
C02_s002	1	26	32.990211	5.081436	AAATNTVNSSNVGKLIQAQNVGDVTM
C02_s003	1	27	39.271323	9.624799	AADGRVNNTISGGFFFHAVIQGRDIAV
C02_s011	1	37	54.675066	18.541130	ADVQPRVSNTTGNVTGVSVQAHTIHGGAGNTTTYGGD
C02_s023	1	38	71.890084	8.325091	AGSLHTGDVHNEISGGTFNSPVLQGRDFSGLSFTTPAP
C02_s047	1	32	47.679641	10.402772	ATDEAVINTISGQAQIHGHAVQARDIGSVQLG
C02_s049	1	27	39.175287	7.714779	AVHNHVGQVAEGAKVVQMGDVHGNVNL
C02_s054	2	35	67.580102	11.565371	AVTGAGEVTNTISGGTQNTVVQARDIRGSINLGG
C02_s056	1	30	66.621246	13.195328	DFSQVNNSISGTVSGTAIQGRDFHGPITFT
C02_s065	2	37	53.575528	16.654415	RPSSVVNQHNHGTGTFINGNVEGALTINHGGAGHGR
C02_s086	1	38	83.117038	11.813504	GAGTEVGEVHNTISGGVQHGTVIQAGVVSGLNLGGGTG
C02_s090	1	32	36.003349	7.555242	GDGSPVVVGSVIGGDSIQIGCVGGDAHIGSTG
C02_s094	1	38	54.699305	9.882902	GDVGARSGEVVNQVSGLVFGPVVQARDIQGGSWVGSRP
C02_s098	1	38	45.388596	16.892565	GGRTAFDQRGQTVHGSQTNIAGNVNRPVLSGNFSGPVN
C02_s099	1	25	40.237702	9.030698	GHREQHNHGSGTFIGGDNYGGIHFE
C02_s102	1	25	55.117507	10.359407	GNVLSGRVEGPSVQAGSIHGGVTVH
C02_s103	1	25	54.815765	11.396004	GNVVSGNVEGIVVQAHTVEGGVNIT
C02_s125	1	25	30.391181	10.570344	IINQLGDVAGVAFQTGVNHGGIHVH
C02_s129	1	28	29.072614	10.948172	ITNSKNVITGNVNTGGGNFINGDGNQIS
C02_s136	2	37	63.101969	15.747781	AGTTVSVNHNTINDGTYNGPVIMAHSIHDGVRTVPG
C02_s138	2	37	51.933518	11.079136	EQPRVRNVHNEIKDGRFDGFVIQVGNVEQLNQNVRP
C02_s143	3	35	72.477769	8.603451	PDGGAVHNTIGGDACVHGPVIQARDIHGDISFG
C02_s144	2	31	38.828209	13.011667	NAVTYHQHNTGSGVFVGRDHVGDLTINHGG
C02_s145	2	37	56.557093	9.465234	PAQQVRDVHNTFSGGTNYGTFIQAGKIDNMYPGGQG
C02_s150	2	30	60.696885	7.851452	SHGSVYNQVTGNVTGKVVQLRDVHGDINL
C02_s152	2	37	68.249742	16.825869	VGAPTEVSNIVAGQARVSGPVIQAHTISGPITFGPP
C02_s159	2	27	42.775230	8.447357	RDTGTDNEISGGVFFSTVIQGRDITI
C02_s161	1	22	36.250363	6.520432	MSNAISGGVFFQQVIQGRDITV
C02_s167	2	27	20.537956	3.284209	FQQNINSYDKVEKQINIQTNTGSINM
C02_s169	1	23	42.553778	7.548881	NQINGTVHGQVFQLRDVQGGLHF
C02_s173	1	28	41.913262	7.075428	NSISGKVIGNVVQAYKITGDIHGTAGTD
C02_s180	1	38	66.346890	16.244208	PATRQVVETHNHISGGTYYSTVIQAGTVDRGDRGGTQP
C02_s198	2	37	61.227309	12.444624	AAPLAITVHNNISGVIQNGPAIQGQHFSSLTFHSPA
C02_s200	1	38	66.774271	10.084715	QAPAPTLQVTNTISGGSQQGLVIQAGRIGRLSAGSGTP
C02_s205	1	38	81.565842	16.457331	QDTAPIGSVHNSITGGTVHGAVVQGHTFSGLTFDTRGD
C02_s215	2	38	65.687434	13.861901	QAQATVRDVHNTLSGSASGVVVQAGVISGGMHGIPPG
C02_s223	1	38	57.252906	6.040596	RAALASQVTNNTINDGTYYGTVLMTGTVNGGNHKHYHG
C02_s227	1	27	20.427384	1.251143	RASYSNNFYGSAQKVVQINNNSGSLDL
C02_s229	2	37	74.648273	14.730669	ATGPTALTVHNTVSGGASGVVVQGGTFNGGQTIGEP
C02_s237	1	25	49.755524	8.747124	RNDLSGHVYGPSVQAQRIHGGITFN
C02_s238	1	25	57.798860	9.961718	RNDLSGTVFGPVVQAGTVKGGVHTH
C02_s241	1	24	46.618215	7.049744	RNTISGSVTGSVVQAGTIGHLTLS
C02_s249	1	31	49.788619	12.132812	SAAGGVTNIARDVHGGVLIQAGTIHGGVHRD
C02_s256	1	27	29.353605	9.884940	SFVVQVFEGARVGKIVTIGTVNGNVTI
C02_s259	1	36	46.384147	13.153707	SGMKTVHIGSQHNHGRGTFIGGDNHGTVRVDGQEER
C02_s263	1	38	81.349309	9.681844	SMRTRDGDVHNTVSGGTQYGHVLQGRDFSGLTFNTTAP
C02_s270	4	31	48.545379	8.523239	GSDNVMNSVSGTAERVIQGRDFNGTTIN
C02_s272	1	38	78.719984	15.073371	TAGPEPVTVRNSITGGVQEGTVIQSGRITGLTFHIHDP
C02_s286	2	30	62.291878	8.736742	GRGDVVNTIHGDVSGTAIQAGEIHGDIRL
C02_s289	3	36	79.052775	9.985234	GIEEGAVRNTVSGGTQNGPVLQGRDFSGVSFGAP
C02_s291	4	36	69.693702	10.021676	AERSEVHNTVSEGAHITGPVVQARDIHGDLNFG
C02_s297	1	25	42.170336	6.539758	TQSEMSGSARDVIQARDISGDIHFH
C02_s310	3	35	60.444785	14.177500	GVTQTRVENTVSGDAQVQNLIQTGTVHGDIHFG
C02_s316	2	25	29.720819	3.487481	NRSALSGPAELVQARDVYGGVHFH
C02_s318	1	24	29.882232	2.376695	VNVFTGRAEKVVQLRDVQGDLSIG
C02_s322	1	38	57.895402	8.932780	VRGDKGGSTYNTINGGIYNSPVVMGGFIGDTTFNNNSG
C02_s325	3	37	74.093164	13.480780	HQRQEVTNTISGDARISGPVIQAGNVFGGIHLGGP
C03_s002	1	30	52.763004	5.304626	AAPLSAGGIDLREAKGVQVGNGTTQNNTFH
C03_s014	1	27	38.754205	12.206514	AGTTVHVAGNIYGQQIGDRTHQRNEFH
C03_s031	1	30	60.274099	10.949358	EGRPGEPPVDLRHARGVQVGDHNEQHNTFS
C03_s036	2	31	33.384552	-1.097199	SAGGKYNVVFQGEVKAAQVGDNNKMENKFG
C03_s038	2	30	59.842518	9.115566	TDRARHHIDLRHAKGVQLGDNNTQNNTFH
C03_s043	1	30	62.078131	9.366080	GARAAKYQVNAPHAMGVQIGDNTTQTNTFH
C03_s045	1	33	57.078114	9.503277	GASRGKYAVQIYGAQGVQVGDRNTQTNNYRSGP
C03_s049	3	28	45.911348	6.184619	DTGKYNVTVQGGKGVQIGDNNTQINK
C03_s051	1	29	44.081864	12.963194	GGKFVVDASHATGVIIGDHGVQHITIQRP
C03_s057	1	25	27.271292	7.999270	GPKYQVTVTDSIGVINGDQNKVTFH
C03_s067	1	30	59.418402	4.996248	GSTSGKYQLDLREARGVQIGDGNTQHNTFH
C03_s071	1	30	55.392043	5.704767	GTQAGKYRVLLHGNKGVQIGDHNTQTNTFG
C03_s074	2	32	47.550158	9.487200	GGPALSGNTFNGPTAIVMGDHGRQDNHFGSP
C03_s078	1	25	17.287146	0.137491	KSSVFVFKAVSALMFGDHNVQNNYF
C03_s090	1	25	16.241506	1.815529	MNPNNIDKLININQDGKDNTQNNIF
C03_s092	2	22	31.053079	9.514093	SNPEINIGQGGTGNTQNNTFN
C03_s101	1	29	51.396889	10.661618	PGQAGETVVDLRNAKGVQVGHSNVQHNSF
C03_s103	1	29	40.093301	1.139667	PPAPGKYEVKLSQAKGVQIGDLSVQTNHF
C03_s118	1	31	22.991816	9.070801	SGGEAIRIINSKNVVIGDSSVQGNFIVGDSN
C03_s125	1	33	53.766692	12.643492	SSEAQVSGNVFRGPTAFQVGDGGDGNQQDNRFG
C03_s139	1	30	39.145475	15.381164	TSGQTIVNTTFHGPANVQYGHHSRQDIRFG
C03_s144	1	31	62.393636	14.395525	VSDRRYGQVEVRDNQGVQVGDHNTQTNTFTS
C06_s013	1	32	43.687895	6.816244	ASTGSGVDIDNATVTGSMKIAGVRAGAQEPPD
C06_s019	4	29	35.108040	6.421973	GTGVRVRQGKFSGDIEITDVRAGRKP
C06_s021	3	30	40.307532	10.085243	TGTGVRISRGTFSGEIEIGSVRVGHQEP
C06_s025	1	32	18.666745	3.349629	ERIHGGIRGKSWSAAGDIRFSDVNGGKSSGNR
C06_s026	2	31	13.011783	1.615113	RVRGGIRGKDWVIEKDARFSDIGAGGPTSG
C06_s043	2	32	18.188134	-2.169661	NQKATRDGSVNQEMIKEVKAKSIDVGNLNQE
C06_s045	7	37	13.666755	-3.860526	GKPQGKQILGKGLKVGGKAKFGDITITNKSH
C06_s046	1	32	20.811202	1.252007	ITKKNVVKDANIEVAGNVKIGDKNSDGSNYDQ
C06_s049	2	31	35.287961	1.192725	AAGVGVKVRKAEIAGDIEIKGVRAGGASEN
C06_s050	2	37	27.144291	0.139859	EGDAQVKQVLLKNIDVAGDAEIGDMSQSSSGGNVSQ
C06_s051	4	35	13.604877	-3.403878	SEIIRQVMASGIEISGDLEAEDMSQKATRSSS
C06_s080	1	32	11.461728	-4.155067	QLAAWGVDVKEIIAAKDVIADQISGTAGGLRS
C06_s081	5	34	18.894327	-2.677786	NVVRQVMASGIKAKGKIKAGDMNQEAKPAT
C06_s086	1	32	48.732162	13.085606	QSTGGGVRVRDAKVAGSIDISGVSSGQTGPPP
C06_s088	1	32	33.869669	9.872525	RSEGGAVRVRGAKVAGPVEISDINSGPQGSTS
C06_s093	4	28	29.059107	4.973888	AVQKIFENVQAEGNITVGDITQIYQ
C06_s096	1	32	37.463503	13.406027	TATGTGVRVRGGRFSGDIDIQNIDARPGDSTH
C06_s115	3	30	25.180661	1.807591	VAAGVKLTRVDADGEIEISDITAAGGRG
C06_s120	1	32	37.998688	9.785177	VEGGSGVTAEDVSAGGSVRIQGVKVRATQEPP
C06_s123	1	32	30.088815	5.130897	VQGGSGVVAEDLTADGSLRVSGVSARGPEEPP
C06_s127	1	34	13.784699	1.025764	VTAEAEAGSAVQQRVASDLEATEDVDLGNVSAKQ
C07_s008	7	35	22.719609	5.965802	QPATVINSTKLADSIKNVFQGNTIIGGTF
C07_s014	2	37	17.103705	3.003256	AQKSTSKNPAKIAETIGINNQNILGGEVYQAFGQGG
C07_s016	4	34	22.558504	5.601418	TEKHSPTVINQQKLADEIKNNFQGNTFNNTT
C07_s018	1	37	5.537618	-4.641380	KNQSSVVKNYNFSKLAEEIKIEKGGILAQNIDTINIQ
C07_s032	13	31	-2.672668	1.144347	GQVIFPGGKGVIENLVIEG
C07_s042	7	37	25.826579	3.836116	QQPTVQVLGKLAEKIGLVVQSGGRVSIQNFH
C07_s049	2	36	39.968336	12.545907	KSQPSIIQNFTNTVDKNYGGNVGNVSNDNRTQTFN
C09_s006	1	37	37.323756	10.521769	AGATVTAAGERSVAVRDNRGIVQTGDGSTAWQGPGRR
C09_s008	1	24	31.142038	10.420525	AGQATASGDRSVAGTITGSNVVTR
C09_s015	1	31	42.867583	15.929945	APQVRQNIIASGQNATAQGVVGGSIHNHAAP
C09_s017	1	30	32.923437	11.318242	APTRTYHVAAHGPNSAAIGSVGDGATFRFG
C09_s021	3	30	42.922527	10.120545	GGPVTINATGAGSVAAMRIDGPVTVGVP
C09_s027	1	28	19.449506	6.158627	EHAPGASGERAIAAGESIGVAVSGDNAR
C09_s036	1	36	51.098231	11.684048	GGAGGTTVIASGERSVAAGGNIGIAITGDGPAGSRT
C09_s050	2	31	44.968792	13.742134	AVGGNVQVSADRGSVAAGVIHGGVSIGRPS
C09_s053	2	37	41.811492	12.466147	QRDERAVTASGERSVAIGGDNSGVVSTGDDATNVSQ
C09_s056	5	28	29.615840	10.790626	GPRAVSVDGSNPGIIQTGDNVSAT
C09_s058	1	31	43.160692	14.939502	NVTVTASGTRSVAAQTISGTVNTGDRARIQR
C09_s061	1	33	42.636362	11.391909	PAPRGDVTASGERSVAAGGSIGTAITGDNSHVE
C09_s063	1	36	40.663214	15.800310	PGVSVTAVGERSVAVGHNSGIIQTGDNASARQGDTR
C09_s075	1	38	24.091799	1.840894	QAAAGVTAGDNSIAVGGNADIKADRGSAAALRMGDVTL
C09_s078	1	38	39.527161	8.189889	QGGASAGEGGLAVGGNVDIRAEQGSIAAGIIHGGAQIG
C09_s091	1	38	31.575906	8.516007	SGARPPASAPTAGDGGLAVGGDMSIRADGGSVAAGVIH
C09_s106	1	38	34.727352	6.204476	VQASKATVTAGDHAVAVGGDVTMEATGGGVAAVMIEGS
C12_s006	3	28	32.890077	4.911725	TTSIIENWQGINVKGGNNTISGNTFN
C12_s012	4	27	19.572667	1.235819	ENWQGINFKDSNPIIQGNNFNFYP
C20_s001	2	33	13.708851	8.169927	RNDFPVAAINANAQDESRQINIAHLEGNPTFQ
C20_s007	2	20	9.521125	2.306294	SRQYDNYGRDQYNIENVDT
Ccya03_s008	1	30	19.998535	7.856730	HVEITNNDFGNMNQIVREQSTGYQTKTGPN
Ccya03_s015	2	27	25.651527	9.092543	QQDNRDNATGFQIDADNSTVYAGINH
Ccya03_s017	2	28	39.374076	13.403637	TGDNRVNISGGNVQGFIQENHGTVTQN
Ccya03_s020	1	30	17.041052	0.749004	NAGKLQDNSQMVMNIDGQNNTGYQTKNEVT
Ccya03_s036	1	30	26.706116	7.305045	TLNQIQDNSSQTQNIYDGGTGFQNKIDGGT
Cnlr26_s007	1	34	14.789016	0.102467	SETNSNEINLSATAQDQSKVNLIGKIEAKTVIVS
C01_s001	1	32	58.279074	13.913317	AAAGTTYVQHNTAESGGVQHIVQGGGSLHVHH
C01_s009	2	33	72.500541	10.011643	EQPPVPSVQLTAHASGSARIYQAGRDQHITER
C01_s012	1	37	54.507610	9.523657	AGDAAPRMVQQRAEARGRASVVQIGGDQYGDGTGRGR
C01_s014	1	36	41.397826	10.247064	AGEDVGQSTTVQQNVTAGRDAYTAGRDLTVGRPDRA
C01_s020	1	32	55.243446	12.423995	APGDRPARQTNTARDRGTVYAVQQGTLHVNAP
C01_s022	2	33	72.967745	7.522833	RGADVGEVRMTARASGNARVYQAGRDQHITER
C01_s030	2	33	64.507875	3.583565	EQGSARSVVMKAKASDQARIYQAGRDQHITER
C01_s034	1	32	74.183439	11.135575	DGSAARQISQHATASGQARVYQAGRDQHIAER
C01_s035	2	33	45.131853	0.924412	QPESGARVEMHGTASDQAKIYMSGGSMHISGS
C01_s040	2	35	56.669042	8.946586	AAQKATVIRQDAKAKGRARVNQVGGNQTIIDARP
C01_s046	3	32	61.152584	1.264120	RTRIEKLVMKAEASGHARVYQAGRDQHITG
C01_s050	2	31	48.990284	11.654213	QQRLSYSQHNTAHDRGAVYAVQHGDQRVVR
C01_s064	1	32	77.358499	13.263307	GGASRSAITQHASASGNARIYQAGRDQHNTQR
C01_s067	1	31	53.524613	15.975807	GNIGAPEAVAHGHGRVFQADGDQHITEHHHH
C01_s076	1	36	48.615846	6.929390	GSGPDEPSVRVSVRAWDSSRVYVAGRDQHITEEGDR
C01_s087	2	33	67.833308	8.638403	TDASAPSVAQHGTASGRARIYQAGRDMHINER
C01_s088	2	29	28.133365	3.528635	AQHRTTFRNIKAKGDAILGGRDVNINKG
C01_s098	3	16	3.237507	9.282250	QAQHDQHIEEHHHH
C01_s101	2	31	40.455503	9.984626	PIDGRASGQGRVFQTGGDQYIEEHHHHYGA
C01_s106	1	31	51.261085	13.276204	MTGHNDGRASDQGRVYQASGDQHIVEHHHHG
C01_s119	1	37	52.452788	12.247297	PAPVASTTYHQTGTADGHGRVFMNQHGDLSVRDTRDG
C01_s122	1	32	53.631708	10.181230	PARERHWVQHVEARDHGQAFGAQGGNVIVHQE
C01_s135	3	32	47.159256	13.582172	QRPAAGGTVFHAAVTRGNVYQAGRDQVFHR
C01_s144	4	31	47.893419	2.898464	GNTQVGTMYGRASEHGKVYQAGRDMHFN
C01_s153	1	32	50.943422	5.931753	PRARESWVQNNTAEAGGIQYITQGGDINVGRG
C01_s163	1	33	53.754551	7.050522	QAGPPAGGIRLTANASGRSRVTMAGRDVNITKG
C01_s179	1	32	43.463270	9.659928	RPATTSYRQQGTAQDHGKVFMNQHGDQIIRET
C01_s192	1	33	63.402349	10.570860	SGDGTPGTVRQDAKASHGSRVYQAGRDLHVTGQ
C01_s194	1	37	59.539240	18.746123	SGGVAAGRVTVHATASGHARQAVQGQGEQHNTFQAPR
C01_s199	2	33	73.810242	10.758604	TGDDATNVSQRATASGDARVYQAGRDQTFNDR
C01_s202	3	33	70.889844	13.901588	TPGGSIVTQHASASNHARVYQAGRDQSFGRR
C01_s207	1	34	53.319832	4.829919	TGSSWSGDVTVSAEAAGNARIYQVGQGGMTVHER
C02_s009	1	27	29.285250	3.011752	ADLAFVNNIGNVEKLVQFGTVHGDVSF
C02_s013	3	35	81.827305	15.077943	ATTGGNVNNTVNGTQNGPVIQGRDFSHMTFHFG
C02_s019	1	31	72.871754	14.458668	AGPGRVANSVSGDVGGPVVQPRDIHGGISFG
C02_s020	1	38	68.494710	13.762562	AGQAPTSVVHNTFSGGVNHGVVMQGRDFRFGAMTFHAS
C02_s024	1	37	80.240009	14.027250	AIEASTGGVVNSISGEVRGPVVQARDIHGGVSFGDPR
C02_s025	3	36	80.582860	16.700549	DGRTVVVHNSVSGGVQHGPVVQGQNFSDLTISST
C02_s042	1	38	73.637656	8.295391	ARSGTGGDVSNNVSGGTHNAPLLQGRDFSQITFNLPER
C02_s050	1	38	81.766950	8.560282	AVRGDEGAVTNTISGGTQYGPVLQGRDFTGLTFTSAPT
C02_s051	2	32	72.695497	16.456689	VTQTGRVTNQISGTVHGNVVQAGDIQGGIRF
C02_s059	1	25	37.302014	5.579365	DGNYFDGQADKVFQARNVYGDVHFH
C02_s075	3	36	73.293096	10.551645	RTGDGETSNEISGGTQHAPVLQGRDFSGINFNTP
C02_s080	3	37	78.173885	15.505367	ASPSGDVHNEISGGTQTTVIQGRDIHGDITIGGRP
C02_s083	1	37	58.387311	12.250152	GAEGGVSNTIIGDVTGIAIQARTINGGAGNTGYQGDH
C02_s088	1	38	86.999406	16.921337	GASPPSATVHNVVNGGVFEGPVIQGQNFTGLTFHGTTP
C02_s089	4	35	57.582831	12.128875	RPTTTVQNTISGGGFRSQVIQTGAINGDLNFG
C02_s091	1	31	34.586798	15.504308	GDHSPAVSRSRIGGDNIQIGHVGGDVQISRH
C02_s097	1	27	15.533796	0.666379	GGMFNNQFNGPVGKNAYIDTVHGDLRL
C02_s104	1	32	36.131753	11.433144	GPGSQIMADNRIGGSAVQIGSARDVDIRHQQQ
C02_s106	1	31	47.516774	7.741210	GPTSTVWQSISGTVTGTAIQIGGDHTGDIRL
C02_s112	1	30	38.560448	12.966825	GTNTVNIGSQNNYGSGTFIGRDNHGDINPT
C02_s113	1	38	67.952389	18.950004	GTQSVVRDVHNTISGGVMTGPVVQAGVVFDHRGTPPGG
C02_s124	1	27	36.448644	4.749996	IGGEAVLEGDVVQARDISGPITFGSRG
C02_s127	5	33	58.242680	6.072701	TRSGTVNEISGTVYGKVVQARDIHGDLSF
C02_s130	3	35	85.206744	14.874065	AANQGDVTNTVSGDVSGSVVQARDVHGGISFGG
C02_s132	1	28	29.837443	5.079346	KGGVVNLNHGQVKNLVQTREFNGNITFN
C02_s147	2	37	86.194170	13.040196	PDSGGGSVVNSVSGGVQYGPVVQGRDFSGLTFHAPA
C02_s160	2	23	17.056993	4.700338	SGNLVQAEIITGDVHFHQLGRP
C02_s162	2	27	39.837466	10.091548	TPNSVHNEITGGVFFAPVIQGQVVNL
C02_s168	2	37	52.645825	15.701100	GPATVINQHNHGSGTFINGSVAGGLTINHGAAHGRD
C02_s171	1	23	48.206663	7.457549	NSFSGTASGNVVQSGNIKGDINF
C02_s174	4	31	36.694823	10.812461	GGKAEQNNANNTNAPVIQGGSGHTITFN
C02_s184	1	37	80.762384	17.414225	PGTAPAVVVRNSITGGTQHGTVVQTGTIGDIHLGGGR
C02_s185	1	38	33.910253	7.679575	PLADTPTLSAQHNSGSQIVQALGDVDAGSGGINYGVPP
C02_s189	1	37	60.283419	15.327097	PRAREVFDVHNTISGTVNGTVVQAGRVDSPRFGYRDT
C02_s203	5	34	84.570151	10.056711	PGGDVHNSISGGTQNGPVLQGRDFSNLTFH
C02_s207	1	27	46.747165	9.345496	QGQVANHFSGTAEKVVQARDVRGDIVF
C02_s209	1	27	11.378093	-4.169469	QIASSLVGNLKSEKTIVAQKIDGDITM
C02_s210	1	27	20.295255	3.618044	QNGIIQLNQQTAEKIVNIQTNYGPINM
C02_s217	1	37	57.412997	12.442780	QTQGTVRDIHNNISGGSHGMVMQVGLVSGDVQNGFPP
C02_s218	5	33	72.981968	11.942271	RADAVTNTVSGRVTGPVVQARDISGGVHL
C02_s234	1	27	31.947786	4.537246	RFVTEITGNASVGKLVNIGEVTGDVSF
C02_s239	1	25	29.890220	3.771049	RNEAAGAVFGHLVQVGTLQGDIAIR
C02_s248	2	37	80.491622	16.607662	AADSRGTVDNHISGGVQHGPVVQSGSVAGLTFHVDH
C02_s257	1	38	90.766544	20.566787	SGAARPGTVHNHVKGGVHHGPVIQSGRITGLTIHGHHP
C02_s267	2	25	42.763771	8.730765	RNELSGSTSSSVQAQTINGPVHIG
C02_s275	1	38	63.690495	14.141944	TATTPAATVHNEINGDIHHAPVIQAGRIHTLTLHAPAR
C02_s282	1	32	75.995684	9.561060	TGDGEVHNEITGGTFHGPALQGGTFSGISFTT
C02_s303	1	38	86.706321	21.795943	TSVAHPVPVHNNVNGGVQHGPVIQSGRITGLTFHAHGT
C02_s307	3	35	75.823007	14.649751	ARHSQVRNEISGDARITGPVVQAQNITGPITFG
C02_s324	1	25	40.772237	11.297446	VSQNSGGSVGVVVQAGEADGGVHVD
C02_s328	2	35	72.473545	13.165995	GFADGSVQNTVSGNARIDGPVIQGRDFSGPITFG
C03_s004	1	30	48.741088	11.530829	ADGTTLSGNTFSGPTAIQTGAHGTQTNTFR
C03_s006	1	25	40.375327	8.658156	AFLGIDVRHNTGVQVGDGNTQIIQA
C03_s015	1	30	57.342652	10.018987	AGVSGWSVTVLGSQGVQVGSHNTQTNNFGP
C03_s026	1	24	26.961095	10.589270	DVRDNTFHGPSFIQTGAGSTQHNY
C03_s028	1	30	46.620104	3.813345	EEPAGKYVVDNRGAKGILIGDHSNQTNHFN
C03_s033	2	33	64.046239	12.027034	READRYTVDARGAQGVQIGDHGTQNNDFNVPP
C03_s047	1	28	45.840239	11.575513	GDQYQVIITRSQGIQIGSRNTQTNTYPP
C03_s054	1	30	53.677361	9.659799	GGRTETGPVDLRGSQGVQLGSSNTQHNTFN
C03_s061	1	24	54.565387	11.921534	GRPAVDARYGQGIQIGDHNTQHVH
C03_s063	1	32	60.225342	4.906134	GSAGGKFAVDAREAQGVQVGDHNSMTLNFGSR
C03_s064	1	32	47.110480	10.734386	GSSAGKYAVDARGANVGAIGDHSRQHNTFGTP
C03_s069	1	34	61.124033	12.842319	GTAQGKYNVAISGGQGNQVGDGNTQTNTFGASPT
C03_s081	2	30	56.062330	6.057605	DQGGKYQVDARKAQGVQIGDHGTQINKFG
C03_s109	1	25	39.490059	10.052605	RAGGFDVRGNLGPQIGDHNTQHNTI
C03_s114	1	31	40.872014	10.914462	RQPTSKYRTTVHDSYAFQIGDHGEQVNHFGQ
C03_s126	1	25	43.640873	9.123600	SSSSVDARAAQGVQVGDGGVQVNYF
C03_s128	1	30	31.089425	6.257874	SVPSKTNVVFQGEVKGSQVGDHNKQENKFA
C03_s132	1	29	40.539616	10.913443	TGKFHVELNNNTGVQVGDQNQQTININPR
C03_s134	1	30	36.139897	8.783595	TGKYNVTITSSQGFVVGDHAEQDITFEQPP
C03_s136	1	33	40.338941	11.271442	TGQPGVYGNTFNGGTAFQIGDNNRMNPRFGSHD
C03_s138	4	27	53.351012	12.975248	PGRITVNASNARGVQIGDNNQQHN
C03_s141	1	24	53.119114	12.717489	TTTINVHDSKGVQIGDHNTQHNTF
C03_s143	2	30	30.048267	8.761299	PKTETSIHKSKNVNTGNVNTQGGNFRIGD
C06_s003	1	32	33.589023	7.464948	AAEIVGVQLNRVDAAGDIEVTDVAVQGGIGVQ
C06_s004	1	32	21.376365	6.212876	AAGASGVIAKDVKTLGDFSVTDVQVVSARPDP
C06_s015	1	32	25.318911	-1.209653	DENIRQVILSGIELTGDLKAGDITQETTRSGG
C06_s017	3	30	17.276134	-7.329515	AKAGVSIEDLKAAGDILIKNVKYGRYFH
C06_s018	1	34	31.659781	5.128842	DMSQSSSGGNVSQEAITDVKVGGNLKIGNVDQQG
C06_s027	2	31	26.321974	3.661951	SAGDGVRVKNSRIAGTAEIRGVRAKLGEPQ
C06_s032	2	31	42.770735	12.191178	STGTGVRVVDGTIDGAIEIVNVRAGRQDPP
C06_s035	1	32	38.108505	7.646359	GSAERAVDFTDVKAGGSIRISGVRAGRVDDQD
C06_s037	1	32	23.972330	11.682100	HASDVGVRVTGAKIAQDFNATDITAGEPPHPR
C06_s038	2	22	6.267443	-5.751117	AIGKNEMGKDGIVGGTLKINK
C06_s044	2	31	10.958760	-8.353687	QTAGDLIIKNLKAGGRLEISGLQAGAAEKN
C06_s057	3	36	28.254194	5.213647	SDDRVNQIFFKDVDVKGDAEIGDVEQTTKQGSST
C06_s076	1	36	32.360417	8.876696	QAQSPSIQVVLDTVRIKGSAEIGNIEQVSSHGSAEQ
C06_s085	1	38	29.976197	6.766407	QSQSPTVQVILEELRVRGKVEIGNIKQVNEGQTNAQQT
C06_s087	2	31	29.461913	9.319380	GNATAVDLDHVTTTGGIDISGVDVDSGASP
C06_s091	3	28	29.048222	7.046550	QNVQKIFENVQASGDINIRDIYQTVN
C06_s100	3	30	13.736945	-3.607857	TALGIDIEKFKVAGNLIAERVRGGIRGK
C06_s108	3	31	27.824237	9.342071	PDGGVHAERIIAKTGNVEISDIHVQGGGQ
C06_s113	1	32	12.544474	-0.355555	VAGEVGVKLEDIKGGAALRIQDIIASGTGVDV
C06_s117	1	32	29.260392	5.455142	VDGGTGVLAEDVAAGGDLRISGVAARAPQGPP
C07_s002	5	37	19.095542	5.238018	QSQSSGQKIYIKTIEKIVNFSQRDININEQNIT
C07_s021	1	37	21.552267	3.607320	KSHPSVVNNFAKLAENLTVKKGGIAGQSITIGTINNN
C07_s033	2	32	14.476912	3.510584	PEDSGKFAEKIGAFAAPGAQVNIGTQIIEGQ
C07_s040	6	35	14.501020	-1.017776	QSKSDNPNKLAEKIGIVVQSGGKADIQTLS
C07_s046	18	37	17.725700	4.394929	ADKIVNYAQGNINIATQNIS
C07_s050	2	33	6.104846	-3.692460	QSQPKSLDKFTKIAQDIKMGVQDQIANKTNLD
C09_s007	1	31	39.541100	13.905630	AGGVSVNVSGTRAIGAQHIGIAVSGDHAAIH
C09_s011	1	26	27.620670	8.210703	AGVQVSAEGAGSVAVHHNEGIISTGK
C09_s031	2	37	32.798733	9.423221	GTSASASGQRSIAIGGDNSGIASTGDNATNVQMRAE
C09_s037	1	38	32.798098	5.958408	GGALAQGDHAKAVGQGGILIEGGVTGNTTAGNSQAGKQ
C09_s046	6	27	21.440928	9.996492	TSGARSPAVGTNHGAIFTGDTT
C09_s054	15	26	-14.625905	-0.868012	AAQFNSTKSVLE
C09_s059	1	31	42.729947	11.123806	PAATGPVVTTEGERSVAAGGTISGTVITGDG
C09_s060	1	29	43.847898	10.774648	PAAVTITAAGERSIAAQHIGTAITGDGHT
C09_s068	1	31	48.787658	11.298734	PRTVHHHVTATGDHSLAAGEIHGTITMGGAP
C09_s084	1	31	42.079790	11.618143	RQTTTQHITASGSNSLAQGVIGGNIYHTGAS
C09_s089	1	37	40.065961	11.120165	SGAIAQGDVAVASGERGVAIGGDVDGSVIITGDGNAV
C09_s094	1	35	39.004416	14.226110	SGPSVQASGERSIAVGGANSGIVSSGDNAVNVQRR
C09_s095	1	31	35.336755	8.950847	SRSEVHLTASGEGSIAVQNNSGVVSSGGDAR
C09_s096	1	29	32.353673	8.235739	TASPAMTVNAVGERAVAAGTNTGIIQTGD
C09_s097	1	26	4.082040	-4.935866	TDDVRLCIETAGPRSIAAKEITNAYT
C09_s100	1	31	36.071063	12.616345	TVTKNNTVTVHGHHIVAANEIHGAVTLNDGS
C09_s104	1	38	51.861622	14.267004	VPQGGVSAGPGGVAVGGDMSIRADDGSVAGGVIQGNVH
C09_s111	2	35	38.200830	7.722325	AGNRVTVIASGERSVAAGRDIGIAITGDGHLRKP
C12_s002	3	32	34.727273	7.268404	AQSPTTVENWQGINIKGGTNTISNPTFNFG
C12_s017	3	32	31.683125	3.529247	SQPQLVKTIENWQGINIKGGTNTITGNTFQ
C20_s002	1	35	30.280320	12.988913	INIHNQSVSSRTYTNYGRDQINIETIQGNPTIGGS
C20_s010	1	34	33.136110	12.407667	NIQNQAIHGSQTYNNYGRDQNIINQPQGEIRIGG
Ccya03_s014	2	27	26.133576	9.195431	NDDNVVNIYGSNIQGFIQENNGTVSQ
Ccya03_s024	1	30	6.289839	-2.183900	NLTQNQTQTQTSMHFEVKDNSKMNAVGELK
Ccya03_s027	1	30	15.230676	3.146836	QAGKIQDNSNMTLNSTGDNNRNIQAKAEQG
Ccya03_s031	1	30	19.361800	4.502336	QSLKIQDNSSMNQANSGGQNLQNQGQVSEV
Ccya03_s032	1	30	18.113853	1.854024	QSLKIQDNSSMNQTNYGGTNFQNKVEGGEV
Cnlr26_s004	1	34	22.605818	1.177852	NPNQAKIINLEGTAQDESKLTQIGHVDTENFHLT
