C01_s005	4	33	10.517904	0.775994	APTPGVTLNARASGHAKIYQAGRDMTITDR
C01_s008	3	33	10.263233	1.467522	AQSSVEVRLRAEVSGSGRVYQAGRDQHITER
C01_s018	5	33	9.778031	1.342212	REPGAVLSARASGRSRIYQAGRDQHVTER
C01_s021	2	33	12.185817	1.250084	QQAAAAPVTMKATASGRGRVYQAGRDQHITEQ
C01_s028	3	33	7.240428	0.284648	RDSLKKVEMHARASGRARIFQAAGNQTINES
C01_s029	1	36	9.179633	1.517766	DAPQPAGGVQQQATASGNARIYQAGSSLHVTERAER
C01_s043	3	34	9.824453	0.969277	QAQVRSVVMRAEAHDNSRVYMAGRDQYITEGS
C01_s048	2	30	7.625510	-0.238053	KHMTLRAQASDQARVYQAGRDLYVNESGE
C01_s051	4	33	8.447761	1.539257	RIATGPIFNVTASGNARVYQAGRDQHFTER
C01_s062	5	28	5.304976	0.641051	RPVVQSIHAEGNGQANGVMFGNLT
C01_s068	1	32	4.868797	1.185829	GNSEPKWVQDVVVRDNGKAFLVQGGNIVNHHH
C01_s090	3	33	10.150842	2.786057	ATHASQITQHGTASGRARVYQAGRDVHIHER
C01_s094	2	30	7.383289	2.858453	DAHAEDRGRVYQASGDQHINEHHHHGGGT
C01_s099	3	32	6.088577	0.793954	NQKNVTQNIDARDSATVKAIANVENANTIN
C01_s107	2	28	6.428410	1.546307	TGRADGQGRVYQALGDLHIVEHHHTAP
C01_s120	5	32	5.493807	2.132536	GGASTVTDAHPHGRPRLYVSGGDQRFHR
C01_s123	1	32	6.633757	2.386739	PASAAAPAHHFNVHARGRAQVNVSGGDMRIGR
C01_s126	3	33	8.198706	1.384327	TQVVGSQHLEAHASESGRVYQAARDMHITEN
C01_s129	5	32	8.697398	0.507107	RAHRITMKARASGKARITMAGRDVNITE
C01_s132	5	32	7.382476	1.813735	QQWVMHVVAHDHAQVFASQGGNVIVHQE
C01_s145	1	31	9.488789	1.851953	PPAQAATIQTNVAYDQGTVYAVQTGVQNIHR
C01_s146	1	32	8.520838	1.083992	PPARQVWQQTNTARDNGRVFAALGGNVIVHQG
C01_s148	1	31	9.702073	3.592918	PPPPYAEGHASGHGRVFQSAGDQHITEHHHH
C01_s150	5	32	11.743911	1.578400	GPRTVQMHAEASGSGRVYQAGRDQHITE
C01_s157	1	32	7.425268	1.818810	PTAQNVWQQSVHATGGGSAYGALGPGSSVHVH
C01_s158	1	32	9.344698	1.163794	PTGQETWVQTNVARDNGRVFAAQGGNVIIHEA
C01_s173	4	33	8.801302	1.669583	PQSGSTVFHAAPTGHARVYQSAGDMNINER
C01_s176	1	31	5.345282	1.944147	RAPAHIEVHAHDQSRVYLANRDLHQTIGSVP
C01_s178	1	31	7.292177	0.353764	RKSGRAWMQTNTARDNSRLFAAQGGNVVVHG
C01_s181	1	33	9.031272	2.700846	RPSVHQPSVVFNASPSGNARVYQSARDQHITER
C01_s183	4	33	9.705709	1.761095	DRRGGISVTAHASGGSRINVAGRDLTVDGR
C01_s188	1	27	6.776703	1.122821	SATVSQNVRAGRDAYTAGRDMTINQRP
C01_s197	2	30	5.392467	0.812772	RSRQSCSQHNTARDGGTQHITLSGDLNVH
C01_s200	1	33	10.240511	0.739226	STGDNATNVQMRAEALGSGRIYQAGRDQTIHER
C01_s203	4	33	10.499055	0.776155	PGIGSVSMNARATDGGRVYQSAGDMRITER
C01_s210	2	32	11.523240	3.249576	PGGQHSVQHNTAHDNGRVFGVQHGNIVFHQG
C02_s005	2	21	3.823867	1.890778	AGPSVAINHNTISGGHTTPR
C02_s006	1	30	7.927080	0.257847	AAMGYNIVQNTGNVQGQIVENKGSVTMTFG
C02_s010	3	22	5.144926	0.609712	NDFSGRSAAVVQAGLIQGDV
C02_s012	1	38	8.423925	2.589890	AEAAVSADGNVVQAGDVSGGRVYGGDHVDFSRGTFHGP
C02_s016	1	37	13.086524	2.572801	AGANGVANSISGDVSGPVVQARDIHGGVSFGGGSAQP
C02_s022	1	35	10.848519	1.736889	AGSDAAVTVHNSVNGGVQNGPVIQGQQFSSLTFYS
C02_s026	4	36	11.920908	1.796844	AERSEVRNTVSGSAQVQGPVIQARDIHGGVNLG
C02_s027	2	38	14.098361	2.936020	PAEEHGTVHNSVSDGARITGPVIQGRDFHGPISFGPQ
C02_s035	1	37	13.242660	1.718279	ARADTGGDVHNTVSGTQNGTVFQGRDFSGSITLHLGQ
C02_s036	1	32	7.413490	2.379484	ARASTFHIEVGTNHGAIGGEFSGPVTFHQGPP
C02_s037	1	34	11.123656	1.908684	AREGKVVNTIIGEVTGTAIQAHTIHGGITTTTYQ
C02_s038	1	29	11.401276	2.504243	ARGAVHNTISGGGFQQGVIQTGSIHGDVH
C02_s043	1	35	12.289956	1.480027	ASADGDAHNTISGGVQNAPVVQGRDFSGLTFHLGQ
C02_s048	1	33	3.929058	1.109861	ATTVNYITNTHNGGGSTYNDAVIQAGIIHNLKR
C02_s053	2	33	5.820533	0.961210	AASLSSQNAVGNQGPVIQIGRDNSGDVQMGRN
C02_s062	2	38	13.375121	3.554610	PAPSPGSTVNTVSHSTVHGPVIQGRDFTGPVTIGSQG
C02_s063	2	31	5.912187	1.420376	PATQTLIAHASGDARQVNISGNNSGPISFS
C02_s066	1	26	7.032446	0.346927	DRVFNTTIYGDVAKLIQIGDVYGDVT
C02_s067	1	27	6.506796	1.167536	DTGAGVPNLISGGIFFHAVIQGRDITV
C02_s078	1	32	6.929731	0.998129	EPQSGVNQTAENNTGSVIQIGRDNSGSLNTER
C02_s082	1	37	10.038314	2.166797	GAADGPSEARNTVSGGTQSAVVQARDIHGGVSFRLPP
C02_s100	3	35	12.696455	1.601357	RTGPGEVRNVISGGTQSTVVQARDINGPLTFGG
C02_s101	1	37	10.692633	2.479876	GNDQRDVNVHNTISGGVYHAPVIQTGILGSFNHGTPP
C02_s107	5	33	12.014714	1.684284	ETGGVTNQISGHVGGIVVQARDIEGGITF
C02_s109	2	38	10.782038	2.069782	SAGPTVSVTNSISGGTQNGPVFQGQTFSALTFNSGHS
C02_s110	1	38	7.027627	1.208838	GSRTVFDKRGQTMHGSQTNIAGSFSGNVLFNQFNGPVS
C02_s116	4	35	12.779101	2.865697	AGGDGVVNSVSGTVQGHVVQARDVHGGISFGS
C02_s119	2	27	7.416744	0.138493	NQQNINNNGNIEKQVNIQNVTGNITL
C02_s123	2	20	3.488775	1.370040	ERGARIGGSVVQARDIHGR
C02_s131	2	36	13.571384	2.396029	GDQQVADVHNTISGGVQHGPVIQAGNVGSLSFGPP
C02_s148	2	37	11.524359	2.022576	PGDGADSVSNSVSGQVWYGPVVQGRDFHAADGIHIQ
C02_s153	1	25	4.757551	0.842328	LVNDFSGVGGQVIQARDIGSVTFAA
C02_s154	7	32	9.175782	1.515087	GAVTNSVSGGTHNGQIFQGRDFTHLS
C02_s157	2	22	6.345299	1.416601	NNVSGSAERVVQGRDFPHANI
C02_s164	2	31	11.374054	1.236319	AQGDVHNTIVGEVSGTAVQARDIEGGLNIG
C02_s186	1	34	12.780881	2.700780	PNQTGSGDVRNEVSGTVHGNVVQARDIHGSIRFG
C02_s191	1	38	8.747289	2.494002	PRPHQGERNRFEISGGTFHAPVQMAENIHGTTFHTGPA
C02_s206	2	34	11.789947	2.409884	GAGDTSQTSNTISGSVSGPVVQARDIHGGVHLG
C02_s216	1	35	10.860582	2.632052	QRGGDTIINTAGDIGGGSFVIQAGHVHGGVHEHKG
C02_s221	1	38	9.135293	2.228495	QVRVNGDVVINTINGGDFSGVTIQAGRVNNFQTPPGGQ
C02_s246	1	28	8.184337	1.255786	RTENVISGQAQVTNAVQADTINGNITFG
C02_s247	1	31	11.134551	1.965877	RVGGVHNEISGSARVTGTVVQAHTVTGLTLP
C02_s251	3	35	11.829689	1.496992	GEAGAVHNRIGGNARITGPVIQAKDINGPISFG
C02_s261	1	28	7.611247	1.039700	SISGGTQEGPVLQGRDFSGITFQGPGRS
C02_s269	3	38	12.994381	2.425373	RTGQGAVHNTISGGTFHGSVSIVQGRDFHGGLDFRR
C02_s273	1	38	11.337540	0.768727	TAGVPTVILTNNVSGGTQNAPFVQGQRFSGGMTLYGSG
C02_s284	2	37	14.793538	2.671978	GKGTGVTVTNTISGGVQHGPVIQGQSFHGSITFQGP
C02_s287	1	36	14.150880	2.863533	TGTDRSRTVHNTVSGGATVGGPVVQADEIHGGITFN
C02_s304	1	36	12.645848	3.056802	TTRTGSGNVHNSVSGGTQNTVIQARDVSGGIHPGGG
C02_s306	4	33	10.250079	1.851835	NTAHEVHNDISGGTQQTVVQGGNFSHLTFN
C02_s309	2	28	4.533494	1.293250	GQLVAVSSNIAVAEEVHGGITFGSPPG
C02_s312	2	23	4.736382	0.134233	NINTGNAKNVIQARNIQGGITL
C02_s317	2	23	4.874915	1.081805	NSFHGHAKNVVQVRDIHGGLTM
C03_s008	1	30	12.187912	1.403973	AGGATVSGTTFFGPTAMQVGDHNQQTNTFG
C03_s013	1	31	10.161690	1.545432	AGRAAKYNVTADGAQGVQVGDHGQQTNRFGP
C03_s016	1	25	4.118549	0.408612	AIDSHLDLREARGVVVGDHAEQKNY
C03_s017	1	31	11.193594	1.643144	APPAAKYTVTVSGSEGVQIGDHNTQTNTFGA
C03_s023	3	30	3.354228	-0.195329	QAQAIKIIKNLGFIAEAGSNVTVTQNFY
C03_s034	1	30	8.058392	1.336390	ERQTGRVTVDADGAQGALVGDGNTQHNTFG
C03_s037	1	30	8.719777	2.007953	ESGGAVSGNTFRGPVAFQTGAHSTQDIHFG
C03_s039	2	32	6.802392	1.107670	NNPGIHGNLFLGNTAIQHGNDNIQVNRFGPH
C03_s044	1	30	10.311257	0.558947	GARAGKYDVDASQAKGVQIGDYNTQTNTFN
C03_s046	1	25	5.611386	2.091072	GDHYTVSVHHSSGFQIGSNNQQNVF
C03_s048	1	30	9.568500	0.454154	GERTAKYTVDAREAKGLQIGDHNTQTNTFS
C03_s050	3	28	7.697079	0.084277	RQGKYVVDLRDAKGVQVGDNNTMNIR
C03_s053	1	30	9.390749	1.024955	GGPFDGRRVDLSQAKGVQLGDHNVQHNTFN
C03_s059	1	30	10.206710	1.773635	GQQPRVNVVDARGAKGAQIGDHNTQTNTFT
C03_s077	2	29	7.384097	0.933964	VSQKYQVQFEGEVKGGQVGDHNTQTNNF
C03_s087	3	25	7.400337	1.901869	RNSFHGPTAFQVGNNNQQVNHFH
C03_s099	1	30	11.578914	1.104807	PGARAVYGNTFNGPTALQIGDHTTQTNTFG
C03_s100	1	30	10.418637	1.673874	PGIRSDRYVDARDSKGIQVGDRNTQTNHFS
C03_s105	1	30	12.340594	2.392705	PQGGAVSGNTFHGPTAVQTGDHNRQENHFG
C03_s111	1	25	7.405127	1.148091	RGKYVVDVHDNKGVQVGDGNTMTVS
C03_s121	2	25	3.727121	-0.326554	GTTQPDLVLQGTQVGPLNTQYNNY
C03_s129	1	25	7.573953	1.523533	TGEHTVSLHGARGVQVGDGTLHVET
C03_s142	3	30	5.834250	1.142549	AGGTINIIGKQINISQAGTGNTQHNTFS
C03_s145	1	24	3.086883	-0.552738	WVFGNTFYGPTAINLGAGGVQNNY
C06_s007	2	29	2.856575	0.580687	EGVGPIVGNDWVVGGDMRVSDGKGQSSG
C06_s016	1	28	4.966776	0.199995	DFQVVQRILENVWAGRDITIGDIHQIYQ
C06_s031	1	32	6.970905	1.356317	ESTGTAIRVVDGRFDGDIDLGSIRAGRQDPPP
C06_s033	3	24	1.923834	0.446838	DIEGVRAKEIVAGGDQTFEGIS
C06_s052	2	33	3.658235	-1.137746	ESTGAIKQVMASGIELSADLEAKDMNQKATPG
C06_s053	2	38	2.329572	-0.897128	ESTGMTIQLMGSEINITGDLEVDRMTQKTSGDSFAEQ
C06_s058	3	38	4.480486	0.339179	SQDATIRQVVLSDIEITEGLTVKDLTQTVAGDGSVE
C06_s060	3	36	1.412071	-0.597374	QAQDATIRQVVLSEIELSDDLKAKDINQKATRDG
C06_s063	7	32	3.183119	-0.211697	PATKVEQVMGSDIETEGDIEFGNLTQ
C06_s066	2	33	1.745063	-0.857231	SQKATRSSSVQQEMLKDVKAQNVKLGNLSQES
C06_s074	4	38	0.701407	-1.202240	AEALRQEQVIGEKLKAKGSIELDGNTQEATQGKPG
C06_s082	2	32	4.219916	1.384002	PGKTGVTLRDIEAAASVIIRNITTPDGGVHA
C06_s089	1	32	5.358382	1.710708	RSTGTGVRVVGGSFVGDIEIGSVNAGKSEPQD
C06_s092	2	31	3.809299	0.363029	GTAGGLRSEKIQAGGDVRLTNISGGTSSGN
C06_s094	2	31	5.687633	1.495881	ASGTGVKVEEGEFTGDVDIRGVRAGVDRPP
C06_s097	1	22	4.153219	1.369684	TGGAIGVDARDVQVVGRFTITD
C06_s102	4	32	4.115596	-0.485026	TTRSGGSVEQTMLKDIKAGNIEVGNLSQE
C06_s103	5	33	3.549261	-0.208341	SGSSGSVDQEMLTNIEANNINVGDLTQEG
C06_s106	1	32	7.546203	2.504146	TSTGAGVRVHGGRFSGDIHIEDIDAGAGDTSH
C06_s109	1	32	3.725953	2.032652	TTTGSGVIVESTTVQGTFKISGITAGSAEPPH
C06_s119	9	36	5.943094	1.657734	PATIGVVIRRASVGGDIEVKDVAVDGGS
C06_s121	7	34	4.061618	-0.038148	QGSSTTQEAVTQVDIGGNLKIGNMKQKS
C07_s001	7	34	3.742554	0.816460	QSPTNQIRIETIEKIVNFAQRDINVETQ
C07_s006	7	36	6.564070	-0.088795	QPATVNNSAKLAEKINALFQGTTITGGNVG
C07_s010	2	38	4.453426	1.300553	SDVKSQTSVINNFEKIADVINADRGSNVASQININNP
C07_s024	2	26	-0.832169	-0.908890	SQPSVINKFAKLAEEIKAEKGAMVA
C07_s027	2	35	5.156940	-0.228077	QSQPGTIVNMTKLAEQIGVLVQGGYADFRGSNFF
C07_s030	1	33	5.059881	-0.402503	MNDNFSKLADKIGAVALPGGTVQVNTQNIDGQK
C07_s037	10	35	2.904274	-1.077814	AMPNLEKLADKIGQVVMPGGTGNIEN
C07_s044	5	37	4.477097	0.525848	QPQQPSTINYQKLADEIKTVIQGSTFNAPVTFN
C09_s001	1	30	6.256932	2.524571	AAAATVTVTTSGERSPAVHNNYGTIHTGDH
C09_s004	4	31	6.735895	0.935296	APGNRVKASGERAIAVGGNVAGSSLSTG
C09_s005	4	31	6.830438	1.689744	GPVNVTASGQRAIAAQTITTAITGDNVT
C09_s014	1	38	10.073671	2.050640	AKQTGSVSNVIASGERAVAIGGNASGNTISTGDTVTHK
C09_s019	1	31	7.457402	1.358535	ASATGDRAVAIGRNEGIVSTGDGAYNVIGRQ
C09_s024	1	31	8.111446	2.091304	DRNGGAGSVAVGGDVSGIVSVGDGATNIVRR
C09_s029	1	31	6.909433	2.039203	ETTIEQHITASGQNSTAQGVIGGTITNHPFP
C09_s030	1	29	5.098054	0.655455	EWSGRPAEQASVAVQGGNAGIISTGESAT
C09_s035	1	31	6.632410	1.833162	GEPVQVTASGTRAVAAKTVGVAITGDNNTVQ
C09_s047	2	38	7.738745	2.209074	RSSGTVVGDGGLAVGGDLNVSADNHSVAAGVVNGGVH
C09_s048	4	35	7.140104	2.199796	ASVVVASGERSIAAGGNIGVAITGDGHGSSTS
C09_s052	2	37	6.710591	2.394775	PAAHAQVAADHGAVAVGGDLTVRSDGGSVAAAVIRG
C09_s066	1	37	8.469205	2.834774	PPPPPVVHAEGERSVAVGGDNSGTISTGDGAGGAPRR
C09_s074	2	37	4.644678	0.792603	YARGAGASAGDGGVAVGGDVEIRADGGSAAAWHMGS
C09_s077	1	36	7.173948	2.246147	QENRGVTVTASGPRSIAAGGNIGVAITGDGHTAPER
C09_s088	2	31	7.333355	1.644286	GAGSITITASGERSIAAQHIGNAYTGDGHG
C09_s105	4	33	6.081355	1.412683	TASGERSVAVGGHNSGLIVTGDANRIESAR
C09_s109	1	21	2.545161	1.147097	VTAAGERPVAVGGEHLAESGH
C12_s003	4	34	4.583695	-0.818234	NSEAKQVIENWKGINIKGGTNTISNNTLTFN
C12_s010	2	28	1.835006	-0.524750	SENWHGINIKGGKNEIKGNTFIFNSTE
C12_s014	2	33	6.130824	-0.461239	QANPQLSTVIEDWKGINIKGGTNTIAGNTFNF
C20_s003	8	31	3.586406	0.973343	ASNRQNINYGRDQINIEHIQGNPR
C20_s013	1	33	3.513450	0.127094	TNVQNTAERQYNNYGRDQFNIETINGDPKLGGS
C20_s014	2	34	3.942392	0.320466	HIQNQYQSQQVNANYGRDQFVINQPSGDLKLGG
Ccya03_s002	13	30	0.712562	0.335016	MIIRDQGTGSQIENRNTG
Ccya03_s004	3	27	2.556480	0.509075	AQPTGDNIQISGESYDNSTFKQVGK
Ccya03_s022	1	30	4.937566	0.789594	NIHRVEDNSSQIQNIYSGGKGYQTKIGDNT
Ccya03_s023	1	30	4.876310	0.748716	NLHVIEDNSSQVQNNYGGTNYQNKISGGVV
Ccya03_s025	1	29	2.987332	-0.899037	NVGKLLDNSNMTQNNYDNSTGYQTKVETE
Ccya03_s030	1	30	4.578069	-0.272591	QNISQEQVQFGEMKQLNRDNAKGFQVQANR
Ccya03_s038	3	28	2.844655	-0.465985	QLIQQQAQMTQNNYGSNNKNYQIGSI
Cnlr26_s005	1	29	4.414928	0.865636	NPTNSNNIEMNVTASGDSKVTQVGQINAA
C01_s004	2	33	8.183990	0.879449	ASPTPPAATQQATASGEARIYQAGRDLHLDQR
C01_s011	1	36	8.173810	1.720405	AERTRVRTLVQSARAEGRSQVNQSGRDLTIHQAPPP
C01_s013	1	33	6.748743	1.387877	AGDGGSTHVEMRGEARDQGQVFQSGHTLNVRFR
C01_s024	9	28	6.833919	1.296702	QTNTAHGSGTVFAVQRGDLH
C01_s026	1	36	11.732922	1.852918	ASDAAGPVVTQHATASGNARVYQAGRDQRIEERGGE
C01_s033	2	30	4.395226	0.244347	GQGTWIQQSVTGDRNQVIGTMGGNAKAIG
C01_s042	4	33	10.493177	1.793882	TRTASHEFRARASGHGRVYQAGRDQNIYGP
C01_s049	3	33	9.132114	0.924470	RQTAGSVVLRAEARDQARVYLAGRDQHFTDS
C01_s057	4	33	8.428871	0.582451	PGGNRVTMRATAADRAKVYMAGNDLHIHGQ
C01_s058	1	31	10.672346	3.098904	GAGPEVQGRASGQGRVYQARGDQHVTEHHHH
C01_s060	1	33	10.125576	2.557430	GASPSVAPVSQRATSDGHSRIYQAGRDQHISER
C01_s066	2	33	7.904247	2.307413	GQSLIGSVYISAHTTGNSPAHQAGHDRHITER
C01_s074	1	32	9.307285	2.624250	GRRAHALRQTNTARDSATVFAVQHGSQHIHGR
C01_s086	2	28	8.610751	2.459450	SEVTQNVRAGRDAYVAGRDQTVTHHHG
C01_s097	2	33	6.117025	1.440762	DQARIGQISMTATASDHSHIIQLGQGTQSIVD
C01_s102	5	29	6.595983	2.091850	GARASGQGRIFQTSGDQYIQEHHHH
C01_s104	2	31	11.049999	3.376106	TAANEGRATGHGRVYQAAGDQHVTEHHHHH
C01_s113	1	37	11.255047	1.622981	PAARPGRTATMTATARDHGRIYQAAGNQYITEHGAGG
C01_s118	1	32	8.900272	1.553256	PAGRQVWTQSNTARDHGTVFAVQGGSLHYHQA
C01_s134	5	35	6.799735	0.169542	ITGSMTMEAHVSGGDAYLAGRDMTVTRGGQA
C01_s149	1	32	7.279484	2.055613	PPVRQQWVQHITARDGGSAYGAQGPGSSVNVH
C01_s156	1	38	8.445468	2.888079	PSGTAAGTVTVHATASEQAQQAVQGQGTQHNSFGPGQP
C01_s160	1	30	4.463817	0.123765	PTLAHQTVTGNYALGDINTAGRDNNFGMNR
C01_s161	3	32	12.068617	2.180327	PEVPSVTQHATASGYARVYQAGRDQHIDQP
C01_s162	1	31	6.893575	2.099607	PVSAAVIRQDNRAYDHGTVNAVVNGDLTVHP
C01_s165	1	37	9.836474	2.073578	QASNTYTVGSQNAVATNHGQVFQSGGAQTINQAGRNS
C01_s169	4	33	10.573234	0.312728	SRIGTLLMRAEASGSGRVYQAGRDQHITER
C01_s175	4	36	6.609922	2.191652	ADTDTVHVVQNITANRNAFIAGRDQHISFPQEP
C01_s180	1	26	8.633753	0.601297	RPEVSLRAGAHDGGRIYQAVGDQYIY
C01_s182	1	38	6.526369	2.684530	RQLAARDSFTVVQRITARRDAYTAGRDQHITSHPHQRP
C01_s193	1	32	7.768817	2.044899	SGGPTISGNVDIRADHGSAAAVQMGDVTVGTP
C01_s206	2	35	7.841591	1.501813	GRTWRGDVTQRATASDHSRIYQVGQGDLHVRGDG
C01_s209	3	27	2.784842	0.398542	PSAGDISIRDRARWNSAARDQYIVE
C02_s015	3	36	11.162152	2.143244	STGPGTVRNTIRGDVRDGSTVVQAGHITGDINLR
C02_s017	1	31	11.763607	2.173272	AGDGSVANHVSGTVSGRVVQAGEIHGDVRLG
C02_s032	2	30	13.330492	1.705462	QPGTVSNTITGNVSGRVIQMRDVHGNINF
C02_s039	1	33	12.607740	2.448449	ARGAVSNTITGNVSGTAVQAHTISGGITTTYHG
C02_s040	1	36	14.514095	1.341324	ARPTGSGDVHNEISGGDFKGPVIQARDINGPLNFGR
C02_s045	5	35	11.104456	1.793380	GGGAVHNSIRGDVSGGAKVIQTRDIHGSVNL
C02_s046	1	38	13.916305	2.896434	ATADASGAVHNSISGGTVHGPVLQGRSFSNVTFHAPRP
C02_s058	1	36	11.131760	1.932184	DGGSVPRVHNSVSGGTQYGPVVQGENFSGLRFDIRT
C02_s060	1	33	11.041908	0.719398	DGSVTNIVGGNARIDGGLLQARDVHGSITLGGT
C02_s064	1	37	9.542223	3.058824	DPRVQVTTVHNEISGGRHGITLQIGTNQVVNNHTHQQ
C02_s069	2	37	11.010092	1.583198	EAASQAQVHNEISGGTQETVIQGGDFSNLTFHVRGD
C02_s071	2	34	14.697613	2.275561	GAGGVANSISGDVHGPVVQARDVHGGINLGGRP
C02_s077	2	37	10.780537	2.691649	PGITVRDVHNTMTGGAHRGTVIQAGVISRVDQSGGG
C02_s079	2	38	11.777756	2.874939	PSAGGVVINNTVSGGTHHAPVIQVGQLGHGTFGSQRG
C02_s105	1	38	12.900762	3.623748	GPHPAAVHNTIHGGVRDSPVVQSGRIGGNVTLGGPPPH
C02_s108	1	38	9.695772	1.890064	GQRVEVTTIHNEISGDVHGIALQIGRVETSNVTMRQPG
C02_s111	1	34	11.914807	2.426840	GSSGRGGSVSNRITGGVQHGNVIQAHTVGDVQLG
C02_s126	2	30	10.401535	2.629111	PRGSVSSQIVGEVSGTAVQAHTIHGGVNQ
C02_s135	3	37	12.229084	3.287008	GEQSPGVSNVINGGVQHGPVVQTGQITGTAVHTIH
C02_s140	4	35	12.710041	0.803102	TQDGDVRNSVSGGNQYGPVLQGRDFSGLSFTT
C02_s172	1	25	8.137007	1.684365	NSIAGGTVHGPTVMAGAVHGGVAFN
C02_s176	1	27	5.357534	0.702843	PAGATNVVAGSNVGKLIQTNQVGDVSM
C02_s181	3	34	8.704278	2.083050	AAVPGSVHNDFRDSTFSGPVQGSGTQNNTFNG
C02_s188	1	33	7.174786	2.411036	PQAHHTTVITNNLTGGVHHSFTLQVGTVGRINR
C02_s195	2	38	12.615363	2.942067	SSTHPITVHNEITGGTQHGPVIQAGRITDLTTGTPPP
C02_s199	4	33	9.640307	1.544849	RTAGSVHNEISGGTQHTVLQGQDFSHLTFT
C02_s201	2	38	10.843247	1.561753	APGPTVTVNNSTNGGTYYGQVIQGHDISGLTFNGGGT
C02_s208	4	28	5.002935	0.508108	GFSITGGRQDKVVMAQNIHGNINMS
C02_s213	1	37	11.827086	2.303193	QPSAPTVSVSNSVSGGTQYAPVVQGQNISHFTLNGSG
C02_s219	1	36	10.012429	2.170502	QTVSSSGEVHNHISGGTQREVLQGRDFSNITFNVPT
C02_s220	1	26	5.005006	0.958629	QVHAEIHGGEFNGPVQLGGVQTNYFG
C02_s228	1	36	9.977509	1.187914	RATADSGEHRNEISGGEFNGPVIIARDINGPMTFGQ
C02_s233	4	36	13.358401	2.207456	QSRHDVSNTISGDARVTGPVLQAGDVHGSINFG
C02_s242	1	39	10.216076	2.174612	RQQSGGSVYNQTVNHGTITESVIQAGRITTYNNYQSPPP
C02_s243	1	36	8.689600	2.696539	RQRPGATVHNEIHNGTFNESVVQAGRITHNYQSPPG
C02_s244	1	38	11.132681	2.273458	RSRTGSGDTYNSVSGTVHGGLVVQGRDFGTTTIGFPRS
C02_s245	5	34	6.510934	1.851381	GSGDTYNSVSGTVHGGLVVRGAGLRDHDHR
C02_s255	3	30	3.553560	0.323292	SGAMVIGVQRNEGSGIFIGRDMSGNIGE
C02_s258	1	29	11.807112	1.575035	SGGTVTNTVNGDVSGTVIQGRDFHGDLRF
C02_s264	1	25	7.250778	1.543677	SNEQSGNVSGLSVQAGVIHGGVHFG
C02_s266	1	38	10.797545	1.841905	SPSGRVGHVYNTISGGEYRGTVIQAGSIGSADLRGGSP
C02_s278	2	36	14.440506	2.605433	EGTATDGGVVNQVSGHVHGNVVQARDIQGGITFGG
C02_s280	1	38	14.859893	2.566462	TETPAAAPVTNTITGGTQHGPVLQGRDFSGVTFHTQPP
C02_s290	4	36	12.782377	1.397229	AEQDTVHNTVSGEARISGNVIQGRDFSGPINLG
C02_s294	1	20	4.254788	0.802342	TNNFSGRGGVVYQGRDFTIG
C02_s295	2	25	5.087893	0.352908	NSLPGNVDGQLVQAGVVNGAITFN
C02_s298	4	34	14.012070	2.265189	ASSGGVNNSITGTVHGKVVQARDITGGITFH
C02_s300	1	24	4.054138	0.426660	TRNTMDGQADAVVQAGRIGELHQY
C02_s326	3	31	7.113859	1.725290	TANEDINIHVAGNIQGVIAREVHGGVTFN
C02_s327	2	37	11.641460	2.575220	AARPPGTVHNSITGGRQGGPVVQGHTFTRLTFRTTG
C03_s001	1	29	9.774715	0.689266	AAAAGRFQVDLRDAKGVQVGDGNVQINRF
C03_s019	1	31	10.577750	2.273167	ARSSAVSGNTFHGPTAFQVGDHNRQDNRFGP
C03_s021	1	30	9.030200	1.236276	ATAAGRSRVDARYAKGVQVGDRSTQYNTFT
C03_s022	1	25	4.130536	0.301797	DDRPLVFEGPLAVQIGDHGVQNNYF
C03_s024	2	30	5.830816	0.512050	PALTKFRMELRDNKGVQVGNHNVQHNHFG
C03_s027	2	30	10.982521	1.618572	ARASRYRVSADNAKGVQVGDHNTQTNTFS
C03_s032	1	26	6.201507	-0.187493	EGRYVIDLRGAQGVQVGDNPTMTLNF
C03_s035	1	31	8.823388	0.878770	ESAAGKYNTVFQGEVKGVQVGDSNTQTNTFS
C03_s066	1	28	7.704721	2.520473	GSTFNLNGAVFHGSTQVGDHNHQHNTVH
C03_s076	1	32	5.944804	0.418689	IQYNNTKNLKNTGFVAESGSNVSQVTVNQTFN
C03_s080	4	28	5.629586	0.485740	APGGVVINGDAKGLQVGNENVQFNR
C03_s083	9	28	5.492455	0.714360	IGKQINVDQSGTGNTQTNTF
C03_s085	1	25	4.952443	1.128618	MAGDVFHGPVAGQLGDHTTQYNSFH
C03_s088	3	21	3.510371	0.250657	DKQINIQQDGQGNVINNFF
C03_s094	1	30	5.700601	0.845044	NQSNPYVINMMKNVGIVNQGTIHNPTFHFN
C03_s098	1	29	10.569442	1.168845	PANATKYRIQITDAKGVQVGDHNTQTNTF
C03_s104	2	30	9.380152	0.184929	QGAAAGKYDLRGSQGVQIGDSNTQNNTFK
C03_s107	1	30	6.860551	1.138000	QATAASYQMSADSVKGVQFGSHNTQTNTFS
C03_s110	1	31	7.460298	1.752284	RDIGTVQGSTFHGPTAAQFGDHNTMRNTFGS
C03_s122	1	30	6.219225	1.358021	SIPGSFQTTFEAEVKGAQVGHGNQQTNTFS
C03_s130	1	31	7.630674	1.479530	TGGGVLSGNVFHGPTAVQTGNGNRQDNRFDG
C03_s133	1	30	4.733311	0.539990	TGKYNISRITVEGSAAFVIGDKGRQDNRFE
C03_s135	1	25	5.443857	-0.176750	TGNGSTFFGPTGAMWGDGNIQNNTF
C06_s008	6	24	2.092759	0.305470	GLDLADIEVGGSFNAHRIH
C06_s010	1	38	5.464802	1.106177	ANIKIGDVLAYRDAIVREVVATGDVEVGNVTGQTGDAI
C06_s012	1	32	6.560727	2.451496	ASTGGGVSVENTSVDGSFTVTGIRAGTGQPPH
C06_s054	3	35	4.017270	0.482491	STGVVRQVMASGIEVSGALEAADMQQKTTRGGT
C06_s061	6	31	1.337115	-0.952381	PDFQSVLENALIEEEIETGKITIENE
C06_s064	4	33	2.102289	-1.031156	RTKQGDSIEQTMAKNLKAKSIKIGDMTQQI
C06_s065	5	31	2.576216	-1.189957	TTRGGTVEQEMLKDIKAGDVKLGNLTQ
C06_s067	5	24	2.246584	-0.233100	TSGDSFAEQRMLTNVKAQNI
C06_s069	1	37	5.834897	0.128693	NIEQVSEGGSGEQVAGRNLEVGGDLKMGDVNQRNQRV
C06_s073	1	28	4.633730	-0.202925	PEEILQSILQNVQVGGNLTTGNITQTII
C06_s078	1	35	1.473788	-0.562556	QAVKAGTIVQVMATDIEATNLKAKSMQQKATLHPE
C06_s079	3	28	4.323941	0.669774	KIIQKAISDIVVHGNLTVGDITQIIN
C06_s084	7	32	1.868219	-0.677828	HPEFVEQTMLKNVKVTGDIDLGDLSQ
C06_s090	4	31	2.108794	-1.095552	SGLVRQEMLTDVETESLEVGNMNQRTKQ
C06_s099	2	31	3.981185	0.160672	KVAHARVGLDIEAGGNALIRNIEGAREIVA
C06_s101	3	30	2.735922	1.877988	GADGVVADRVKVDGKFSVQNVRVVPQPP
C06_s104	1	32	5.169549	1.729377	TSAGAGVIAEDTSVDGSLRISGIRAGTGQPPH
C06_s107	3	30	4.551711	1.179053	TGSGVVAEGMSVDGSFTISGIRAGSEQP
C06_s111	6	36	3.117367	1.233337	PEAAATVGVGLIRTEAGGDIEVSDVTVRAGS
C06_s122	1	32	4.643344	2.036432	VQGGIGVQATDVATGGSMIIRGVQAVQEPPHP
C07_s003	1	20	-0.629658	-0.583315	AKGLQSQSSGQKTYIKTIEK
C07_s012	1	38	3.495790	0.348945	IKSQQASTQNYHNTIEKVVNLAQGEGASINIKEQNITI
C07_s015	3	36	5.671851	0.146722	TLASQQPTIQNIGKLAEKIAVVAQGGTTNINTIN
C07_s034	11	32	2.578458	0.642677	KIGVYIAPGGQASIGTQIIQGQ
C07_s036	1	33	6.753194	0.752104	NSHPSVVNNAKLADEIKNVFQGNQFNAPVTFNN
C07_s047	3	34	3.409610	-1.361294	QKAGGVTNLSKLAEKIGVLNQGLILNQQNTIH
C07_s048	5	34	3.110301	-0.863168	PTLIQNSAKLAEKIGLVVQGGKVEIQNFSF
C09_s012	1	30	6.014049	1.434631	AKAVSVTQTVTGDQNIIIGDASGSFTITQD
C09_s016	6	37	8.465707	3.016649	TASGERSVAVGGESTGVVSTGDGAHITVHGRH
C09_s018	1	28	5.935397	1.516902	APTTVTITTSGKRSPAVQTNYGTINTGD
C09_s025	2	38	11.211712	3.144458	RSAGHTVIAAGDRSVATGGNVSNSVIVTGDRNTVQHG
C09_s032	6	28	4.890131	1.758801	ASGDRAVAVGHNQGIVSTGDGAV
C09_s033	1	31	9.063909	2.863972	GAPGVTVTASGDRSVAAQTIHGNVSTGDTVH
C09_s034	1	23	4.785119	0.736113	GDDAIAQGGGVAAGKGGIAIGGV
C09_s040	1	35	5.766237	2.457350	GNVIAQGAGAVAAGPGSVVVGGSVRGSTINAGHRE
C09_s043	1	18	4.727132	1.016768	GTAAVVVASGERSIAAGG
C09_s049	2	36	8.593729	2.478015	GAGRVGNTNIAAGDRSVSIGGHVSGSVIVTGDQNQ
C09_s062	4	31	8.841159	2.430181	APMNVTASGERSIAAHHIGTAVTGDHHP
C09_s067	1	38	5.788776	2.455330	PRPSGPGDAVQAIGERSVAIGRDNTGTIRTGDSPSNQP
C09_s071	1	27	3.429019	0.361885	PTDIKASGERSMAAQSIGLAVSGDVRF
C09_s085	6	29	4.397278	1.633683	HVTASGERSVAANTIDIAVTGDNS
C09_s090	2	32	8.287369	1.411430	GAIAQGQGAVAAGAGGIAVGGSVHGGINMPD
C09_s092	1	30	4.999980	0.751718	SGARVTALGERAVNVGKMTGGAVVTGDNNR
C09_s093	1	30	6.879991	1.249973	SGGITITASGERSIAAYSIGTVNIDNGRSG
C09_s101	1	28	3.958937	1.781856	VESVAGSGRRAAVLHTNQGVVQTGDNVR
C12_s001	4	35	5.100351	-0.751567	PKVVQVLNENWQGISIKGGINTIQYNNFNFGK
C12_s004	2	31	5.917205	1.215460	AQSPTTLVNPQGVITTGGQTTVKGSTFNFG
C12_s009	3	28	2.182573	-0.481967	NENWQGISIKGGEVEVKDNTFNFYPP
C20_s005	1	20	2.370183	-0.377524	MENKITSQNTNYGRDQFIIY
C20_s008	3	14	1.443277	0.531871	RQYESHGRDQFN
Ccya03_s007	2	29	3.325085	-0.640296	AGRLVDNSNMTQNNYDNARGWQTKVEGG
Ccya03_s011	1	28	3.990498	0.552688	KRFGQVIQSNSGNAIGFQALVEDGGVVN
Ccya03_s016	1	25	3.421727	0.617473	MSDQHIHDQGKGYQVEVKGGTAYIG
Ccya03_s018	1	30	2.705584	-0.313794	NAGKLIDQSHMTQNIIGDHAKGWQTKVEGG
Ccya03_s021	1	30	2.684569	-0.139777	NIGKIQDNSSMTQNISDNARGWQTKVEAGT
Cnlr26_s006	1	32	3.785921	0.153773	NSPSPKSIKMEATANDESKLTQVGHVDAENFN
C01_s003	1	32	7.594729	2.557077	AARVPSVAQENHASGHGTVNAVVNGDQTNIRT
C01_s017	5	32	6.005629	0.741450	TVTRTEMRAEASGRAQIYQAGNNITTQR
C01_s032	2	33	11.000741	1.108109	GQEIRGDVRMEARAEGNGRVYQAGRDQHITDR
C01_s038	5	32	11.084340	1.552666	RTGTQELHAEASGHGRVYQAGRDQHIQG
C01_s047	1	30	10.377785	1.319726	EGVTSIELRAAARDHGRVYQAGRDQHITER
C01_s061	5	33	10.992908	2.537694	PPATVSQHATATGHSRVYQAGRDQHIAER
C01_s063	4	33	11.288188	2.029778	TVAPTVAQRATASGSARVYQAGRDQHITER
C01_s065	1	33	8.669329	2.106303	GGDTDIGSISMRVRASGHSSVTMAGRDVHITGP
C01_s075	1	32	5.660669	1.338459	GRVTTVHDQANSAADRGVVLAVQDGDQYAHLE
C01_s080	1	32	9.310606	1.834122	GTRGRVLRQTNTAHGSGTVFAVQQGDQHAYGA
C01_s083	1	35	7.382429	1.674129	HGAPQTGPVLNAESHDRSRIYQSVGDMNIGQAPTP
C01_s085	1	32	6.843598	1.686956	HQTGNTVSGDGSANAGRDQNISASGGTAVGVL
C01_s091	2	31	4.573005	1.509057	QRQVVYKQFNTTSGKATSYNVQDGQIHIHQ
C01_s093	4	33	11.115661	1.978242	AGVPAVTQRAIASGHARIYQAGRDQHITEQ
C01_s095	3	27	5.350239	1.821357	GHAEDGGRVYQSSRDQHISEYHYHG
C01_s114	1	32	8.211524	1.687631	PAARQTFVQHNTAEAGGTQNILQSGTINVHTG
C01_s115	1	31	6.044480	0.456751	PAAVRICGQARDSGEIYAAAGDMHIVSRPGR
C01_s125	3	33	11.326373	1.332820	QRASAGIRLNADVSGSGRVYQAGRDQHITER
C01_s128	4	33	8.893198	1.800566	GVVRHVHMRATASDSAQVYQSGGDMTIGRP
C01_s130	3	30	5.838257	1.869267	DGRRWTQNVHTHDRSVANVVQGGNQYNH
C01_s137	4	33	11.015695	1.023234	ARVETLVMKASATGHGRVYQAGRDQHISER
C01_s143	1	32	9.033225	0.684898	PKGGRNWVMTNIARDHGTVYGAMGGNVIHYHQ
C01_s151	1	32	8.209516	1.136535	PQVQQQWVQNITASAPGSIAQGAYGNIINHSG
C01_s152	1	32	6.535266	0.116622	PRAEQNWTLNVTARDHGRAYGSLGGNVVVYES
C01_s155	1	31	8.787016	2.225987	PSAQQTWVQNNTPREHGTVYAVQHGTQHVQP
C01_s159	1	32	6.712296	1.955222	PTGRPHLEQRNSASDGGTVFAVQGGDQPHYSP
C01_s164	1	36	8.509876	2.100771	QAGPQVAVVSQRADAKGKSRVVQVGRDQTIINPERP
C01_s168	3	33	11.314717	1.346954	QQAVSSQVMKATASGHGRVYQAGRDQSINER
C01_s170	1	33	12.247737	1.484198	QGTAGGNSVQMHAYATGNGRVYQAGRDQHIQES
C01_s177	1	32	11.573753	2.440849	RGSTGPTIAQHAHASGQARIYQAGRDQHNAQP
C01_s184	4	33	11.183371	1.217260	QQGTTVTMTAVAKDSGRIYQAGRDQHITER
C01_s190	3	31	7.286577	1.530771	ETRAWHQTNVAREQGTVYAAQGGNVIHHS
C01_s204	6	32	8.205905	1.529083	VASVVMTAATHDNSRVYMSGRDQHITG
C01_s205	2	34	8.483087	-0.450220	GQQATASMTLEAQVSGGGDAYMAGRDMTITKGG
C02_s008	2	36	11.123870	1.969707	ARTGAGDVDNRVTGGRQGTVIMGRDFHSPITFNQP
C02_s018	1	38	11.842546	1.516619	AGDVAPQTVRNSISGGVQHGPVLQGQSYSGLTFNSSGE
C02_s028	1	36	15.035435	3.007842	APGHPATVHNTVSGGTQHGPIVQAGTVTGLAFPPDP
C02_s029	1	37	11.098577	3.406918	APQAGVSHQSSGTVSGTAVQAHTLHGGVTNTHNHEGG
C02_s030	1	36	7.833171	2.119462	APTKTVNIGSQHNHGSGAFIGNDHYGDININTRDDR
C02_s031	1	38	10.301890	0.809266	AQNNSVRNTISGGTFNGPVLMGRSFENTTFNNNSGGAS
C02_s033	1	32	7.312851	1.424010	AQRPNIQNTANVEDNYGIVAPGGSVSIGNFSP
C02_s044	6	36	12.843016	1.885680	SGNVTNTVSGDVAGPVIQARDVHGGIMFGGT
C02_s052	2	24	7.868006	0.959946	NELSGIVNGPVVQAGTIHGGITF
C02_s061	1	30	5.780020	1.670490	DNRVVQQSVSGTVLGKVTQIGGDVHGDISF
C02_s072	2	37	11.016458	0.329035	GARCAGSISNSVSGGVQNAPVVQGQDFYGLSINFGG
C02_s076	1	37	14.231740	3.216360	EPDPTAGSVHNVISGGVQHGTVIQAHTIGDVNIGDSR
C02_s084	1	35	14.153808	2.296115	GAGEAAGAVHNTVSGGVQHGPVLQGGRFSGVSFHE
C02_s085	1	36	9.011865	1.962082	GAGQSTQLRHSNQVIGTVHGSVIQGQNVRGRFSLRG
C02_s095	1	36	13.048593	1.918782	GERGRVVNTITGDVYGTAIQAGTIHGGVRTTTYGGE
C02_s117	1	25	9.400484	2.438885	HNDVTGVVHGPLVQARDVFGGVHFH
C02_s118	1	25	9.455928	2.355766	HNELSGTVHGVAVQAGVVHGDVHIA
C02_s121	3	26	4.128095	0.893282	EQHIENQEAVEKQINIQHNTGDIR
C02_s133	2	31	6.913707	0.683086	QGMAVNVVGGNATFNGPVIQLPSIDGSINF
C02_s134	1	26	3.687224	-0.868602	KTQIGTQINKDIKQQLNIQEVKGNLN
C02_s137	3	35	13.952680	2.000223	AQQSTVNNVIAGEAQVTGPVVQAQNITGPVTFG
C02_s139	2	36	7.529463	1.767129	IGRLRPDVTNNAGVQQSGSVGGDNIQIQGSGDVTV
C02_s141	3	35	11.750337	2.343055	RHTHDVSNSIGGEARISGPVIQAGDVQGSINFG
C02_s146	2	35	11.083786	1.097129	PAVEVRNSISGGVQYGTVIQTGTISGGLTLGGSP
C02_s151	4	33	11.164882	2.918716	TATSESTNIVSGGVQHGTVVQAHRIDGGVH
C02_s155	3	35	12.606100	1.910427	RTGDGEVHNTISGGTFSGPVLQGRDFSGVSSTP
C02_s170	1	21	5.732639	0.271457	NQNFGHVEGKLLQARDIHGDV
C02_s175	4	31	9.369077	2.291211	AHGGGVQNTISGGEFHQAVIQTGHIGSV
C02_s179	1	35	8.660819	1.750538	PASSQVTNQIYGNVTGTAFQGHTFYGGIVYRGGPS
C02_s182	1	32	6.660209	1.409952	PGGQQIINQTQTNTASGNNVGGDFTFAPVQEG
C02_s183	1	31	6.919577	1.862989	PGPKNRTSVTSSSGVVIGGDNHGPITLNGPG
C02_s192	8	33	6.341845	0.982662	QVQRNEGSGTFIAGDVIGGLTINHDS
C02_s194	1	36	13.124928	2.439954	PSDSGPATVYNAISGGVQHGPVIQSGRISGLTFHVP
C02_s214	2	37	10.610112	1.561192	PVGHTVSVTNTISGGTQHGPVLQGEKFSNLTFNGGG
C02_s224	1	31	10.229804	1.277695	RAEHGGVINQITGTVSGKVLQARDIDGGVSF
C02_s225	1	37	11.577673	2.472773	RAGAEAGDVHNHISGGTQGEVFQGRDFSGITLHVHRT
C02_s226	4	34	9.198097	2.199549	RTPGAASFEISGGTQHSVVQAQNVHGDITFN
C02_s230	1	37	9.827620	1.086279	RAVEPEGRVYNTISGGTQQQVFQGQDFSGLTFNIQRS
C02_s236	1	25	6.976008	2.206159	RNDFSGTSHGPVVQAAAIHGGITFH
C02_s240	1	25	6.291927	0.828846	RNELSGQVTGGVVQAGNIGTVNFGG
C02_s252	1	37	13.281242	2.562180	SATGGGTDVHNTISGGTQHGAVVQTGTIGSLHFGRES
C02_s274	7	34	10.837298	0.808606	DAKVINQISGDVGGKVLQAGDIHGNVTF
C02_s276	5	23	4.826413	1.611727	ATNVVGAVVQAGDVHGDIR
C02_s285	2	28	6.448053	0.319504	GNMSISGTMDNTKFVQAQNIHGDINFG
C02_s292	3	37	12.250620	1.907880	RIAPGSVHNTVSGDTRISGSLIQGRDFSGPISFGG
C02_s296	2	34	11.609243	1.852227	QQHADNGAVNNQISGNVSGKVVQARDIGGNVSF
C02_s301	2	25	5.226980	0.859871	RSELSGSAWDVVQARDVTGGIHFH
C02_s302	1	38	10.193981	2.912518	TSGGGVSIVNNSVSGGIHHGIIQGRDFLGPATAHDDHP
C02_s305	1	35	9.375272	2.384215	TTTKKTNIGSQHNHGSGTFIGGDNHGGVTVTGGGD
C02_s311	1	22	4.288951	0.836683	VNIFNGNAQKVVQLRDHHGDLH
C02_s315	1	25	7.384701	2.076814	VNRLDATGAGDVVQARDVHGGVHIH
C02_s320	2	37	9.607261	2.529246	PQQPAVSVHNIISDGEFHAPVFQAARISGVRFGASG
C02_s321	2	36	11.930188	1.574586	QQQKHDVVNVIGGEARITGPVVQAGDVFGSINLGG
C02_s323	4	35	7.382891	1.880960	TGSSDVHNTVSGGRQQTVMDGSGGVPTDLQSR
C03_s003	1	31	7.623422	1.639245	AARNGVLNVHVSGNASIQHGDYNITVNDNRT
C03_s007	1	25	7.058441	0.755263	AGDRVDASHAQGLQIGEGNTQNNTF
C03_s010	1	27	7.077634	1.097877	AGKYRVDAAHAQGVQVGDRNEQINTFG
C03_s011	1	27	4.943480	0.568764	AGKYVIDVRGANIGAIGDRNQQYNVFG
C03_s012	1	30	9.414463	0.772996	AGPLARYRVDLREARGVQVGDGNTQHNTFG
C03_s018	1	34	9.596945	1.976353	ARRPLPGVRVDRSQGVQVGDNNEQTNHFGAAPGP
C03_s025	1	30	10.570811	1.551564	DPQGGPRFVDAREAKGVQIGSHNTQTNTFN
C03_s029	1	29	9.010777	0.322303	EGASTGKYDLRGAKGVQVGNQNTQTNTFS
C03_s041	1	30	9.951725	1.289944	GAAQGKYAVTIRDSQGFQVGDHNQQSNTFG
C03_s042	1	30	10.636606	1.282283	GAQQGRYEVNADQAKGVQIGSHNTQTNTFS
C03_s062	1	35	12.481176	1.852696	GSAAGKYSVDVRGAQGVQVGDGNTQTNTFTAPPPG
C03_s065	1	32	10.811858	1.987067	GSSTQVEGNVFHGPAAIQVGDYNRQDNHFGPG
C03_s070	1	30	9.689612	2.220224	GTGGGVHGNVFHGPAFVQGHGGTQNVTLGP
C03_s073	5	24	4.011305	1.664103	KVDVSGARVVYVGDHGHQDI
C03_s086	2	25	2.916334	1.616382	EVHHNLGAQVGNHNTQHINLPPSP
C03_s091	2	25	6.551759	0.518637	RIGSIEINDSTGVMIGDHGTMTLH
C03_s097	1	30	10.664768	2.220279	PAGYSVTGNVIHGPAAVQVGPHGFQVNNFG
C03_s113	1	27	7.810426	1.811972	RQGSRIDLRHSRGVQVGNDNVQTNTFH
C03_s119	1	30	9.839495	0.876150	SGGHTLAGNLFTGPAAIQQGDHNQQTNTFG
C03_s120	1	27	8.198024	0.959973	SGKYRVDVGDSQGVQIGDFGNQQNTFG
C03_s127	1	30	4.054118	0.115271	SSVNKYNVEFQGEVKGAQIGDKNQQENTFN
C03_s131	1	31	10.925366	2.132801	TGGSNVSGNTFHGPTAIQTGDDNRQINHFGP
C03_s140	1	28	8.872509	1.679448	TSKYTVSIRDSQGVQVGDGNTLHIGHPS
C06_s002	1	32	5.103207	1.476475	AAATVGVELTRVDAVGNIAITDVDTGGGTGVR
C06_s006	1	32	5.824274	1.655991	AAGGRGVDATDIKAGGSIRISGVRVGRTDGQD
C06_s020	1	28	2.680583	-0.247988	DSEVVQVKLENLQVGGNITIKDITQIYQ
C06_s022	1	34	9.508816	2.544991	EAIRQTTVEQHVVGHGNVVAGTGDVTAGNISITI
C06_s023	10	32	1.369507	-0.420076	LNLDVGGNVLIDNVQDAREIGIR
C06_s029	2	31	6.035833	1.078888	STGDGVRLVDSTIAGEAKISGVRAGFQGPP
C06_s030	2	31	6.017657	1.389208	STGNGVRLTDSNIAGHTKIAGVRAGFSGPP
C06_s036	8	30	2.281515	-0.026229	EAGGEIEINDLTGSAERAVDFTD
C06_s042	2	32	5.480277	0.145119	KQVNEGQTNAQQTFGKNWQVGGDVKVGDINQ
C06_s056	9	38	2.606901	-0.122311	QIVLKGVKVQGKAKVGDIDLTATREGAVNQ
C06_s062	2	31	5.904849	1.354482	STGTGVRGRDIKTRGGVEVEGVRAGYNPET
C06_s068	7	36	4.324144	0.727530	EGSAAEQVVGRNLGVGGDLKIGDIRQSVHR
C06_s075	1	28	5.085591	0.169755	PQQPFQKVFSNVSVGGDLTAGDITLIYN
C06_s105	1	32	4.407943	2.254440	TSSGSGFVAEDTSVAGTLRVNAVHAGVPEPPH
C06_s112	1	32	3.163203	1.361375	VAETVGVRLDRVEADADIEISDITTSSGNAAH
C06_s114	1	32	5.413809	2.160299	VASGAGVRVVDAEVIGDIEVSNVQAGVSRTDP
C06_s116	2	32	3.762418	1.401697	DGGSGVVAEDIAAAGDLRIGRVAARAHREPP
C06_s118	4	27	3.245268	0.251611	GTGVRIEEAKLSGDVSFDQITVGK
C06_s124	1	32	4.826001	2.358261	VRAGSAVVATDVTAGGSIRISGVRVGSPGEDP
C06_s125	1	32	5.889828	1.689043	VSAGDGVRVKDATVAGPANFGDIVAGFGQPGP
C06_s126	2	31	6.277157	1.621273	STGDGVRVSDSTIEGATEIRGIRAGFTGSP
C07_s004	4	32	3.712345	0.099227	SQPSKPQIYIKTIEKLVNFAQGDINIHEQ
C07_s007	17	38	3.498706	0.043029	LTEKINNFNQAQTIHIIQNNTF
C07_s022	2	37	6.405803	1.325531	SQGVTAENINALFQGSTITGSAVNRDSNNNVVIQNP
C07_s025	4	33	6.230199	0.164276	QPATIINSTKLAESIKNVFQGNTFTGTNIF
C07_s028	7	34	6.253566	-0.070049	EQSTVYNTGKLAENIKNVFQGNTIIGGT
C07_s029	4	32	1.484206	0.305508	QPDKIAEKIAVFAQGGTVYIDKIIIDSQG
C07_s031	2	32	3.151257	0.897849	PEDFGQSIKKIGVYVAPGGQASIGNQVIQGQ
C07_s035	1	32	2.564618	0.395318	NISQEIHHEPNKLADKVGIVALEGSAVNIGTF
C07_s039	1	38	5.784624	0.572327	QAQPSIVNNFAKLADEIKVEKGSTVAQQVIIEQQHNTY
C09_s003	1	30	6.742759	1.231819	AAGRDIININATDNSIAAGTISGGASIGRP
C09_s022	2	36	5.531721	1.721126	GAAAVGAGAQAVGKGGVIVGGSKTAAPAFDQRGQH
C09_s023	3	38	8.424512	1.499986	AVAQGPGAVAAGKGGVAVGGDLHGGARIGGTEITGT
C09_s028	5	31	4.620127	2.146435	GKVVINASHRSVAAQNITGSTISTGHS
C09_s038	1	24	6.649985	0.963555	GGGLQATGFRSVAVGGDVGVAITG
C09_s041	1	32	7.130379	2.198864	GSSPSLTVTASDHSIAIGGSVGGDVTNIHGDG
C09_s044	9	34	4.801097	1.793905	SVTASGAGAIAVGGSVIGSVASNAPP
C09_s045	1	38	7.231386	3.040549	HGHPGGVSAGPGGVAAGGDVTVRAEGGSVAAGSIQGGV
C09_s057	1	26	4.156812	1.194171	MTDYTFQAIGAGSVAAHHIGTAITGQ
C09_s069	1	31	7.316017	1.975235	PRTVYNNPTTHGDHSLAAGEIHGTVNFGSAP
C09_s070	3	31	7.244526	2.275902	AGSVTITASGQRSIAAHTITTAITGDGHR
C09_s082	1	38	6.010355	2.826687	QTSHRSVSAGQSGLAVGGDVHVRADHGSAAAVSMGSVT
C09_s083	2	31	6.990854	1.784853	PAAQATGARSVSVTDNTGIISVGDGATNIQ
C09_s099	7	38	5.926479	1.690894	GTQATGERGVAVGGSIRRPVVTGDDATIVSLG
C09_s103	3	28	5.855375	1.597984	TATYNVTANGPNSAAIGSVGPSATFH
C09_s108	2	38	6.017700	1.428947	RSAVPAGRTQTAGAGGLVVGGDLSVEAEGGSVAGGVV
C12_s005	3	34	8.428162	0.244892	KAQNPTIVNENWQRINIKGGTNTVTGNTFTFG
C12_s007	3	34	4.489310	0.204685	KKEHPHIVNENWQGINFKNANPTISGNTFNFG
C12_s015	1	35	2.719216	-1.147014	PEVEKRLTTVIENWQGINIKGGKPIIKNNTLNFGS
C20_s011	1	34	3.442558	0.635442	NNNQTVDNREYINYGRDQINIDKIDGDNTRIGGS
C20_s012	1	34	4.536429	-0.452944	TNIYTQNKSTSSYINNGRDQFNIENMQGNQKLGG
Ccya03_s003	4	28	3.889880	-0.040689	KPGDNIQMSANAYDNSTVKQVGKIE
Ccya03_s010	2	29	3.028040	-0.350773	AGQKQDNSSMTQINQDNAKGWQTKVDGG
Ccya03_s029	8	26	3.638007	-0.140439	QINKGDAKGFQTLVTGGIA
Ccya03_s035	6	30	1.380929	0.277041	EDNSSMSQINYGGTNYQVKTGVDNT
Ccya03_s037	1	21	4.553538	1.101456	VVNVSSIADQRTLNQKSDRSH
Cnlr26_s002	1	34	3.673570	-0.800925	NPNHPKSIKLEGTAQGESKLIQVGSVETENLNLT
C01_s015	4	33	11.971550	1.569901	PGPVSVVMEAKASGHGRIYQAGRDQHITER
C01_s016	1	35	6.905663	2.767967	AGVRSAGHVVQHVTASGNARQAVLGHGSQVNTFGT
C01_s019	1	32	8.717572	1.466475	APAPPRLEQTNTARDSGTVFAVQGGDQPISGR
C01_s039	3	33	9.853653	1.530085	PAAAPAVVQRAEAAGSSRVYQAGRDLHIGRP
C01_s044	3	33	9.578192	0.962871	QDRARTVVMRAEARDSARIYMAGRDQHITES
C01_s045	3	32	5.699912	0.766311	RERIYQQTNVAGGNGRVFGVQSGNLIYHEG
C01_s053	4	33	10.463408	0.880731	QQIGQVTMTATAHDSSRIYQSAGDMTINES
C01_s054	3	29	7.311061	1.067653	RTPACEQTNTAHDSGTVIAVQHGDLHT
C01_s055	2	35	7.831158	1.680745	SPKGRGNISQSTVASGSSSVNQAGGNITIYRSES
C01_s069	1	32	5.703257	1.877770	GQESAQVVQTVNASGSGIVFNLGSGSQHNEVH
C01_s072	1	32	9.466678	2.183098	GRAAVVLEQNNTAHDSGTVFAVQHGDIHTTRG
C01_s073	1	31	8.776000	1.330019	GRGTFTLEQNNTARESGTVFAVQHGDLHATH
C01_s078	1	32	7.542598	0.542800	GTDADVTFSQRASAAGNAKIYQAGRDLRITER
C01_s081	2	29	6.087117	0.952007	AAAGVTQNVKAGRDAYVSGRDMTVYPRP
C01_s096	2	30	6.639842	2.353788	DGRAQNDGRVYQTTGDQHVTEHHHYAGGG
C01_s100	2	30	4.631898	1.145644	KGRAFGHGRTYQAGGDLTVHEAAVFAPVG
C01_s103	2	31	9.125587	2.768794	SGSTEGRAEGDGRVYQSRGDQHITEHHHHG
C01_s105	2	31	8.393092	2.605575	TGGTDGHAEDHGRVYQSHGDQHISEHHYYN
C01_s108	4	33	11.126952	0.202255	PGTQNVSMNATAKDRGRVYMAGRDQTINEK
C01_s110	1	31	8.773761	1.417527	PAAQQQWVQNNTARDDSVVNAVQHGSQHNYY
C01_s117	4	33	10.910196	1.585223	PDARDVHLRARASGSARIYQAGRDQHITER
C01_s121	1	31	10.018753	0.542904	PAQQQQWVQTNVARDNARLFAVQGGNIVYHE
C01_s124	1	26	5.617609	0.556278	PAVVRQDARAEFGSEVNQAGGDLTQY
C01_s131	1	32	9.625233	1.223835	PEDQRAWVQNNVAKDGGQVFAVQGGNVIVHQT
C01_s138	1	32	6.800878	2.045187	PERPDIVIQLNSATHSGEVFAVQHGTQHFASG
C01_s139	1	33	10.601078	1.303138	PGDTAPEQIRMEARASGSARIYQAGRDQHITDR
C01_s140	1	33	12.373491	1.878588	PGEAAAPAVTQHATATGQARIYQAGRDQHIGEQ
C01_s154	1	31	8.459110	1.084558	PRESGNWVQNINAEGHAVVNTVVGGNQVNNY
C01_s171	5	32	7.780391	-0.013170	APRNLEMRAQASGDAQVYQSGRDMTNIR
C01_s172	1	26	8.881014	2.027327	QPQVRIDTHADGQARQYIAAGDQHIH
C01_s186	2	32	8.000366	1.087791	ASLARSVNQQATASGDSRIYQAGSNQTFVQR
C01_s201	3	31	5.546134	1.462259	PRPMEGRASGSARIYQAGGDQYIEEHVHH
C02_s001	1	35	11.258212	1.606672	AAAALNPPQVSNTITGRVSGSAIQGRDFSGPVTFG
C02_s004	1	35	11.195893	2.114120	AADRGSISNVINGGTFNGTVVQSGRIDHLTTHQNP
C02_s007	1	31	11.816548	1.635700	AARPDVVNINTGTVSGNLVQARDIHGSITFG
C02_s014	1	38	13.680073	1.661624	AEGERGGPVHNTVSGSVHNGSVVQGRDFSGGLNLYDSG
C02_s034	1	38	11.559271	1.466534	AQVPLGGGVHNHISGGTFHAPILQGQSFSGLTFGASPA
C02_s041	1	37	9.626581	1.637611	ARSEGTVNQVSGVVFGPLVQARDIRGGARVTMPSERR
C02_s055	3	34	12.042192	2.655618	GPSGSVVHNSISGGVQHGQVIQAHTVGDLTIG
C02_s068	5	38	9.704333	2.515592	SGDTLHNVISGGTFSGITIQGKVNGGVHQHQHQP
C02_s070	3	34	8.495384	1.905900	RADAGAVHNDFRHGTFKGPVQGSGTQNITYRT
C02_s074	2	33	12.127281	0.654879	GTDGGGFRNTISGGVQYGPVVQGRDLSNLTFG
C02_s081	1	23	1.316651	-0.400258	FISNAYDNAKVLNMRDNRGSISF
C02_s092	1	26	4.710184	1.685502	GDHVDMSGNRAGRDVIGTQNNHGDRR
C02_s093	1	32	6.667808	2.247391	GDRSQTVVNSVIVGDAIQIGSIGGDAHIGSPD
C02_s096	1	34	8.732908	1.951914	GGGGRGGDTRQEISGGTQHNVVFTRDVHGTINLG
C02_s115	4	35	12.242808	1.576553	SGGGNVTNTITGDVEGIAIQARDVHGVNLNRP
C02_s128	1	25	7.864688	1.184185	ITGDAYVEGNVVQARDVAGSIVFGT
C02_s149	2	37	11.389939	1.897842	QVHTGSPVNNTVSGGTFHGPQFMGRDFHGFTLNAAA
C02_s156	2	23	6.118649	0.749211	DNHISGGFFFSAVVMGQQINIT
C02_s158	2	29	9.705068	1.106548	PDLHNTNSGTATNLIQARDVHGDISFGP
C02_s163	2	38	13.654947	2.815178	ADTQPSTVHNTISGGVQNGPVIQSGRITGLTLHTHHP
C02_s165	1	28	7.526089	0.249190	NDGVVNVLNGRAGKVIQLRDVHGDLNIG
C02_s166	5	36	5.400435	0.417485	QYTIRWQSNTGSGNIINGNNYGSINPAAGTVN
C02_s177	1	38	12.167589	2.159126	PAGTTVSITNNTISGGHYNGPVLMAQTIHDGVHGAARR
C02_s178	1	29	8.456240	1.764608	PARPKANNTVIGDVNGRVIQADTIHGGIS
C02_s187	1	36	12.729308	2.975914	PPRNQASPVHNVISGGVQYGPVIQTGRIDGSVPSTP
C02_s190	1	38	13.898826	2.159415	PREQQPPAVHNTVSGGTQYGPVIQSGRITGLVLHDPGT
C02_s193	1	38	6.525013	2.909297	PSAQRRGAAHDRMSGGVQHGTAFRARSVGSPTVGTIRP
C02_s202	1	38	11.463791	2.031128	QAPTGGGDVRNTIGNGTFSAPVLQGRDFTGISFTSPHP
C02_s204	2	29	7.777822	1.145033	DSTVTNVVSENARVAKLIQGRDFHGTIN
C02_s212	1	38	11.802533	4.227833	QPAPVVHHTHNTISGGTNQGVFIQAGSVGETSVHHHGG
C02_s231	1	38	13.118107	3.086896	RDQGTARDIHNTISNSEMHGVVIQAGFVNGGVHHHGGG
C02_s232	1	38	15.127526	3.485275	RDRQTVREVHNTISGGVQHGPVIQAGVVSGDVTFPTPP
C02_s235	6	37	12.668141	1.921074	GEDVHNSISGGTFSAPVIQGRDFTGTNFGTSP
C02_s250	2	34	12.749018	1.482894	ADRTGSVHNVISGGEFRGPVIQTRTINGDLNFG
C02_s253	3	30	4.280832	0.455969	DSSVSLNAQAYDESIQINTAGDVNQPNY
C02_s254	1	38	10.286311	2.135568	SEGVSTVTINNSVSGDTQNSQVVQGQSFSGGLTFHGQG
C02_s260	1	27	5.812108	0.817462	SIGSTNVVASSNVGKLVQAQRVGDITM
C02_s262	1	27	2.641284	0.939989	SIVTKVSGSAQVGKLVNISEVRGDVSF
C02_s265	1	24	7.010308	0.989929	SNNNSGTVTSLVQSRDVHGGIRLG
C02_s268	4	35	10.141251	1.313510	PAVAINHNTISGGHYNAPVIMAQWVDDGVRST
C02_s271	1	38	14.676283	2.235775	TAAARGGTVHNDINGGVQYGPVIQSGRITGLTFHAPPP
C02_s277	4	36	13.301934	3.447780	GGVREVHNTVSGGVHHGPVIQAGVISGSHFTTG
C02_s279	1	26	6.317393	0.426160	TEQYFNNFSGTAKQAIQVQKVSGTIN
C02_s283	5	38	6.211213	2.270062	RAQVSVHHNTGSQVLIAGGSVTAHDFSYGASEQR
C02_s288	3	28	3.244284	0.366885	TQTLTIYSEQVGKVIQIGKARDVDIS
C02_s293	1	25	5.968210	1.151752	TNELTGRIAGSSVQAGSIAGGVHIT
C02_s313	2	23	4.128541	-0.432379	NMFNGRSEKVVQMRDVNGQLNI
C02_s314	2	23	5.298246	-0.059791	NNFHGQAEKVIMTGDIDGGLTI
C02_s319	1	24	4.283764	0.467726	VNVNHGEVNNLIQAREIKGNITFS
C03_s005	1	30	9.091917	1.457031	AEGSTVSGNTFRGPTAFQIGDGNQQDNHFG
C03_s009	1	30	11.408058	1.697426	AGGHVLSGNTFAGPTAIQVGDHTTQTITFG
C03_s020	1	29	10.052331	0.297343	ASAGKYRVNVRDSQGVQIGDGNTMTLNFG
C03_s030	1	30	6.832074	0.196078	EGRGDVYNLDMPEAKGVAVGPNVQQTNTFN
C03_s040	2	30	5.982337	-0.118212	TGANGYLFLGDAAIQNGNGNIQVNRFGPR
C03_s052	1	27	7.254038	0.801596	GGKHQVDARGAKGVLVGDNSAQTNTFN
C03_s056	1	25	4.820497	0.953100	GKFNVEFKGKTQGVVIGDHNIQHNQ
C03_s058	1	30	9.634308	1.809653	GPQGRTFRVDLSRGRGVQIGDHNIQTNTFH
C03_s060	3	28	8.721061	1.045768	ADGRTAIDLRSAKGVQVGDGNVQHNA
C03_s068	1	30	9.208891	1.375866	GSYAGANVVDAREAKGVQVGDHNTQTNTFN
C03_s072	1	31	9.920829	1.693528	GVGTDRYKVTVTGSQGVQIGSGNTQTNTFTS
C03_s075	2	31	8.741901	1.567359	GRVAEYNVTVTGSQGVQVGDNARQVNNFGQ
C03_s082	2	21	4.678349	0.657947	GETFAVDHNLGAQVGDNNVQ
C03_s089	1	25	4.546054	0.164233	MNAPDARGLQVGTGNTQINNFGGDA
C03_s093	1	30	3.541417	-0.012152	NKSKSEVINIMNNVGIVNYGTVKNPTFYFT
C03_s095	1	22	3.323724	1.199347	NSVMFNKGVVVGDFTTQHNTFH
C03_s096	1	33	6.470987	0.892183	PAAGMSGQNVFLGPAAFQSGDGNVQVNRFDSRP
C03_s106	1	33	8.103859	2.404035	PVAGGVTGNVFHDQAAVQTGDGNVQVNRFDSRP
C03_s112	3	30	6.176573	1.447061	QVLNVHGNTYDKSPQQYGNHNHQQIHYG
C03_s116	2	30	8.654757	1.900037	VDDARSRIDLRHAQGVQIGDHGIQHNSFG
C03_s117	1	30	10.440755	2.173195	RVEHARSKIDLRHARGVQVGDHNTQHNTFG
C03_s123	1	29	4.435004	0.274607	SKSGDTISIGKQVNVKQLGQNNTQNNNFT
C03_s124	1	30	8.161985	2.103886	SPVPARPSVTVNGGQGVMVGDGNTQHNRFG
C03_s137	1	31	5.679006	1.735573	TKQVYNDLRHAQGVHAGDSGTMNVTFHNHTT
C06_s001	1	30	4.416169	0.893805	AAAAVGVRLQRVEAGGDIEVIDVEVEGGSG
C06_s005	1	30	4.206427	0.973514	AAGASGVVAEDVTVSGELSVTDVEVVSELP
C06_s009	6	28	1.031149	-0.513239	GITIQDIQTAGDLIIKNLKAGGR
C06_s011	1	32	6.743509	0.987279	ASTGDGVRVSGSEIAGAVKISGLRAGFPEAPD
C06_s014	2	32	4.550791	2.076776	TGASGVDARDVEVTGEFVIRDVEVEASPTHP
C06_s028	2	31	4.314333	1.214306	SAGTGVRGEDLDVAGGIVIGEVSAGGSDPS
C06_s034	3	30	2.649315	0.995253	QAAGVHIKHGEFTGDIEISKVKVEANSG
C06_s039	2	31	7.602358	1.126167	ASGTGVDVKNAEIQGDIDIKQVRSGQTNNP
C06_s041	2	27	6.618353	1.103704	DNSKNVNTGNIFAGGNVHIGDINVND
C06_s047	2	32	3.291755	0.453324	QEADSSATEVSQQMGMGIEAQEDVTFTNSSQ
C06_s048	6	35	1.518596	-1.885994	ANTIFFKDMNIKGSAKLGKIDLKSRGGNME
C06_s059	4	29	5.001647	-0.527541	QDPKIRQVILSGIELNGDLQAQNITQ
C06_s071	5	33	2.464157	0.572966	ATQGKPGRQKIGSDIEAGESIKISNNSQR
C06_s072	1	32	4.924090	0.653432	NVEQVSETGVTEQIVGRNLGVGGNLTIGDITQ
C06_s077	1	32	5.598289	1.143211	QAQTPGLQTVLDTVRVRGNVEVGNVEQVSETG
C06_s083	1	28	7.005337	-0.058946	QPQINQSILNNVNVGGNLTTGDIYQNIY
C06_s095	4	29	2.190059	-0.391496	GTGVNLEKGKFQGGITITEVKAGYSE
C06_s098	1	32	6.001498	2.051219	TGGGTGVRAEDVSAGGDITVSGVRATAPGEPP
C06_s110	1	31	3.175646	0.038530	TVLSGTGVRLKEGYGGTLKISNVRVGGGAEH
C07_s013	4	35	7.046257	-0.884650	QQPTIQNLAKLAEKINNLNQAQNITINQTNTF
C07_s019	2	38	3.281689	-0.496586	SEPSVINNFAKLAENLTIEKTAMVAQQINNTGSITNN
C07_s023	3	37	5.102285	0.592248	QPSGKQNFTNFIEKVVNLVQGTGASINIDKQDIHF
C07_s038	1	35	5.241478	-0.060208	QAQPAIVNNFAKLAESIQAEKGSMVAQQIIINNPQ
C07_s041	1	34	3.628004	-0.747592	QQQLGTVVNQTQLAEKIGILIQGGYNPITIDKFE
C07_s043	7	36	1.231531	-1.393219	SSQNTINCEKLADDLKNFFQNPIFNAPVTF
C07_s045	5	32	5.311210	0.197133	QSQQASVINNQKLADSIKNVFQGNTSKN
C09_s002	1	37	10.044860	2.787786	AAAGVTVTTVTAFGHRSVAVGGDVKGTITTGDAPRPP
C09_s010	2	32	8.294983	1.580865	GVNVIASGNRSVAIGGNVSGSTIITGDQNQK
C09_s013	3	35	6.651662	1.622419	LVNVSVIASGNNSVATSGSVSGIINTGDNNTNV
C09_s026	3	26	3.576066	0.319267	TSWSGIEAVGPRSIAAGQIGNAYT
C09_s039	2	31	6.028637	1.952774	GTSFTASGQGAVAVQHNSGIISTGSDATIQ
C09_s042	1	26	8.547130	2.328704	GSTVHNTPTATGQGSIAAVEIHGDIH
C09_s051	4	33	6.602628	1.572029	RSVAIGGDVTGSVIVTGDRNTVQQGKYNIQ
C09_s055	6	23	4.532719	0.982600	VGGDVSVAITGDGARVVM
C09_s065	1	34	6.331084	2.229806	PPAAQADGARSVAVSGSVSGIVSTGDAAINIQRR
C09_s073	1	31	10.218109	3.202735	PTTTTVHVTASGDRSVAAQHISGTVITGDGH
C09_s079	1	38	6.259136	2.165248	QGSVRAGTGSVTVSDGGVAVDGDLSVTASGAGAIAVGG
C09_s080	13	38	8.761055	1.375541	VGNGAVAAGAGGVAVGGDVKGSITTG
C09_s087	2	25	5.523074	1.915670	GAATASAPHAVAISGNANVRITHQ
C09_s098	4	31	6.408089	1.733473	ETVTVTASGERSIAAKTIGTAVTGDHTT
C09_s102	1	31	8.194850	1.292469	VGATSVTASGAGAVAAGGNIGVAITGNKATY
C09_s107	1	26	6.943703	1.061792	VRIVYNSPTATGQGSIAAGEIRGNVY
C09_s110	1	27	6.328845	1.179434	VVTGPMSVTATGDRSIAAGQIGSVTMG
C12_s008	6	33	5.186465	-1.494615	QQGWTIENWKGINIKGGENTISGNTLNF
C12_s011	2	29	3.732125	0.512957	SNENLQGIITQGGKVIVQDSTFNFGSSQ
C12_s013	7	29	4.315822	1.107558	RGINFKDVKDGGNVHIHDNTFVF
C20_s004	2	21	3.301571	-0.017336	DQKIVNYAQDNINIDNQNIY
C20_s006	2	20	0.785075	0.167696	SREYKNDGRDQIPIEHLTG
C20_s009	2	19	1.605189	0.339905	TRRYDNEGRDQINIENAR
Ccya03_s009	8	28	3.200396	0.477200	NSQNIQQNYDNSTGFQNDIDG
Ccya03_s012	3	28	1.904545	-0.560773	QENKDNAKGWQTEANNSNVYNADTIN
Ccya03_s013	1	28	5.193439	0.641598	MMSQENSGNAQGFQTQVHDGGTAYVGTN
Ccya03_s019	1	30	2.967231	0.350263	NAGKLQDNSPITQNISDNGTGIIATAEGES
Ccya03_s028	1	25	1.527861	-1.979507	QAGKIQDNSSMVQNNWLFGNCYANN
Ccya03_s033	1	29	3.814121	0.012199	QVINSGNQDNIAMNATAYDNSTVKMVGKI
Ccya03_s034	1	25	1.235053	-0.453621	SIENLENFYRQSKSRKFQTQDNTKQ
Cnlr26_s001	1	34	3.972752	1.443004	EENSVKEKIVATNGSSISDVTQIGVQNIHNVYSS
C01_s006	4	33	9.892137	0.068222	ERIGSLVMKAKASGRGRVYQAGRDQTIQER
C01_s023	2	33	11.502806	1.611896	RPPAEPAVTQHATASGNSRVYQAGRDMHLGPQ
C01_s025	1	33	6.598297	1.453144	ARTVNVVQDSGAVAGRDVNMQGGYVAGRDITFG
C01_s027	2	35	9.747360	1.609065	VDAVVPSVAQDATASGQARVYQAGRDMRIGGVEG
C01_s031	3	33	12.137174	1.436662	RTAIGSVVMNATATGQARIYQSGRDQHITER
C01_s036	4	33	9.329622	2.986865	PTVPAPVFHTHVSGNGRVYNAGRDQHIHER
C01_s037	2	35	10.426201	1.544543	TGARGPSITMTAVVADHGRVYQAGRDQRIAEEDG
C01_s041	2	35	7.458696	1.468955	AAQKPTVVRQSAKAGGKARINQVGGNQTVINPGR
C01_s052	1	32	6.140236	0.895146	ERGAGVFQQTNTAHDLGTVLAVQQGDLHASRR
C01_s059	2	33	11.288912	1.304504	AQAVGGNLHLEAHATDSSRVYQAGRDQHITER
C01_s070	3	33	5.237334	1.920882	QISAPTINIPDRADDQARRYITGHDQQTTVR
C01_s071	1	32	7.306328	1.999519	GQQSDTAVQVNSVSGSGEVFAVQNGSQHFAFG
C01_s077	1	32	7.568261	2.416813	GSTVFTGAASATAHDHGTAFAQVSTVNIGQVG
C01_s079	1	32	10.839963	1.668765	GTPATPTVTQRATASGSSRVYQAGRDLNVDQR
C01_s082	2	32	11.278731	1.785622	APADLPVTQHATASGHARVYQAGRDQNIQQR
C01_s084	2	31	7.335518	1.245948	GGATYSAEGHDFARVYQAQRDIVIGGGTVE
C01_s092	2	31	10.220933	1.758445	AAAQQHNLHNNAHGHGTVNAVQDGNQYNFS
C01_s109	3	32	7.102321	1.749253	RIFITRQTAVAHDYGSVFAVQNGDMHLHTH
C01_s112	1	30	8.331272	1.220409	PAAQQTFVQNNNAYDNATQNITQTGDIVVG
C01_s116	5	32	10.055509	0.488774	PAGNVQLQARAEGSSRIYQAGRDMRVQG
C01_s127	4	33	8.826652	0.310923	DPAGRVEMHGTASDNARLYMSGGDMHITGQ
C01_s133	1	36	12.093855	1.323367	PEERPATAIRLRAEASGNGRVYQAGRDQHITERPDR
C01_s136	4	33	12.213036	1.932055	SRIRDITMTATARGHGRVFQAGRDQHIHDK
C01_s141	1	32	8.414139	1.081264	PGGARSWTQTNIARDGATQFAVQGGNVIYHQA
C01_s142	1	34	5.720405	0.555815	PGTTYHGDVRQSAKASGNARVYQLGQGEMRISDK
C01_s147	1	32	9.144223	1.003389	PPETAPHSVQLQARADGNARIYQAGRDLRVQD
C01_s174	1	27	3.910576	0.510479	RADRMLRTVAEGSSSVYQAGGDQIIVD
C01_s185	4	33	11.031001	1.834040	PRGTSTVFNATASGHGRVYQSARNQTINER
C01_s187	4	33	10.466825	1.109022	SQIGQLGMQARVSGHGRVYQAGRDQHINEQ
C01_s189	1	31	6.211076	1.410876	SEDASLRAAAYEQGRIFQAERDIQITEHHHH
C01_s191	1	32	7.632937	1.057185	SEGKTSWIQNVSAKDHGMAFGAQGGSITVHHT
C01_s195	6	32	7.886089	1.123774	NGGVRMQARVSGNGRSYQAAGDQHITE
C01_s196	1	29	5.497984	1.590398	SIDKSQHQTATAGDNSTVIQIQGSGKTVG
C01_s208	3	34	9.672033	2.172631	APAPRQVHQTARATGGSTVNQAGGNITIVTTK
C02_s002	1	26	5.792172	0.442197	AAATNTVNSSNVGKLIQAQNVGDVTM
C02_s003	3	26	7.047470	1.216105	DGRVNNTISGGFFFHAVIQGRDIA
C02_s011	1	36	9.083305	2.875060	ADVQPRVSNTTGNVTGVSVQAHTIHGGAGNTTTYGG
C02_s023	1	38	10.894294	1.225034	AGSLHTGDVHNEISGGTFNSPVLQGRDFSGLSFTTPAP
C02_s047	1	32	9.253748	1.694304	ATDEAVINTISGQAQIHGHAVQARDIGSVQLG
C02_s049	1	27	7.401086	1.499535	AVHNHVGQVAEGAKVVQMGDVHGNVNL
C02_s054	1	35	11.053773	1.463199	DAVTGAGEVTNTISGGTQNTVVQARDIRGSINLGG
C02_s056	1	30	11.243391	1.852283	DFSQVNNSISGTVSGTAIQGRDFHGPITFT
C02_s065	3	38	9.552465	2.844269	PSSVVNQHNHGTGTFINGNVEGALTINHGGAGHGRH
C02_s086	1	38	13.144512	1.816654	GAGTEVGEVHNTISGGVQHGTVIQAGVVSGLNLGGGTG
C02_s090	5	32	6.607581	1.255733	PVVVGSVIGGDSIQIGCVGGDAHIGSTG
C02_s094	1	38	9.863418	1.576673	GDVGARSGEVVNQVSGLVFGPVVQARDIQGGSWVGSRP
C02_s098	1	38	7.937741	2.069001	GGRTAFDQRGQTVHGSQTNIAGNVNRPVLSGNFSGPVN
C02_s099	1	25	6.622731	1.691946	GHREQHNHGSGTFIGGDNYGGIHFE
C02_s102	1	25	8.006219	1.920745	GNVLSGRVEGPSVQAGSIHGGVTVH
C02_s103	1	25	8.079370	1.839762	GNVVSGNVEGIVVQAHTVEGGVNIT
C02_s125	1	25	4.876911	1.706214	IINQLGDVAGVAFQTGVNHGGIHVH
C02_s129	3	28	5.167955	0.830518	NSKNVITGNVNTGGGNFINGDGNQIS
C02_s136	2	37	10.430354	2.709172	AGTTVSVNHNTINDGTYNGPVIMAHSIHDGVRTVPG
C02_s138	2	37	8.548377	1.373644	EQPRVRNVHNEIKDGRFDGFVIQVGNVEQLNQNVRP
C02_s143	3	35	14.761805	1.703076	PDGGAVHNTIGGDACVHGPVIQARDIHGDISFG
C02_s144	3	30	7.041888	2.234340	AVTYHQHNTGSGVFVGRDHVGDLTINHG
C02_s145	2	37	9.700991	1.076707	PAQQVRDVHNTFSGGTNYGTFIQAGKIDNMYPGGQG
C02_s150	1	30	10.001183	0.844160	LSHGSVYNQVTGNVTGKVVQLRDVHGDINL
C02_s152	2	37	13.237415	2.722086	VGAPTEVSNIVAGQARVSGPVIQAHTISGPITFGPP
C02_s159	1	27	7.298336	0.857888	MRDTGTDNEISGGVFFSTVIQGRDITI
C02_s161	3	22	7.313295	0.977646	NAISGGVFFQQVIQGRDITV
C02_s167	2	27	4.222763	-0.114468	FQQNINSYDKVEKQINIQTNTGSINM
C02_s169	1	25	6.115519	0.993475	NQINGTVHGQVFQLRDVQGGLHFGV
C02_s173	1	28	6.866597	1.199055	NSISGKVIGNVVQAYKITGDIHGTAGTD
C02_s180	2	38	13.410865	2.612683	ATRQVVETHNHISGGTYYSTVIQAGTVDRGDRGGTQP
C02_s198	2	36	10.091179	1.775502	AAPLAITVHNNISGVIQNGPAIQGQHFSSLTFHSP
C02_s200	1	38	10.467719	0.988481	QAPAPTLQVTNTISGGSQQGLVIQAGRIGRLSAGSGTP
C02_s205	1	38	11.994372	2.751236	QDTAPIGSVHNSITGGTVHGAVVQGHTFSGLTFDTRGD
C02_s215	2	38	11.075064	2.376494	QAQATVRDVHNTLSGSASGVVVQAGVISGGMHGIPPG
C02_s223	1	38	9.544526	0.845777	RAALASQVTNNTINDGTYYGTVLMTGTVNGGNHKHYHG
C02_s227	2	26	2.920234	0.105158	ASYSNNFYGSAQKVVQINNNSGSLD
C02_s229	2	37	13.455899	2.083534	ATGPTALTVHNTVSGGASGVVVQGGTFNGGQTIGEP
C02_s237	2	25	7.160369	1.241195	NDLSGHVYGPSVQAQRIHGGITFN
C02_s238	1	25	8.518446	1.739608	RNDLSGTVFGPVVQAGTVKGGVHTH
C02_s241	1	25	6.726915	1.194406	RNTISGSVTGSVVQAGTIGHLTLSP
C02_s249	1	30	9.269275	2.211577	SAAGGVTNIARDVHGGVLIQAGTIHGGVHR
C02_s256	1	27	5.644438	1.428970	SFVVQVFEGARVGKIVTIGTVNGNVTI
C02_s259	1	35	9.236255	2.362579	SGMKTVHIGSQHNHGRGTFIGGDNHGTVRVDGQEE
C02_s263	1	38	13.800024	1.425605	SMRTRDGDVHNTVSGGTQYGHVLQGRDFSGLTFNTTAP
C02_s270	4	31	8.735355	1.056153	GSDNVMNSVSGTAERVIQGRDFNGTTIN
C02_s272	1	38	12.434925	2.433630	TAGPEPVTVRNSITGGVQEGTVIQSGRITGLTFHIHDP
C02_s286	2	29	10.967659	2.035561	GRGDVVNTIHGDVSGTAIQAGEIHGDIR
C02_s289	3	36	12.964044	1.330950	GIEEGAVRNTVSGGTQNGPVLQGRDFSGVSFGAP
C02_s291	4	36	13.119373	2.008026	AERSEVHNTVSEGAHITGPVVQARDIHGDLNFG
C02_s297	1	25	6.113644	1.420252	TQSEMSGSARDVIQARDISGDIHFH
C02_s310	3	35	11.238714	2.064288	GVTQTRVENTVSGDAQVQNLIQTGTVHGDIHFG
C02_s316	3	25	4.448776	0.801472	RSALSGPAELVQARDVYGGVHFH
C02_s318	1	24	5.401047	0.283508	VNVFTGRAEKVVQLRDVQGDLSIG
C02_s322	2	38	11.227117	0.730771	RGDKGGSTYNTINGGIYNSPVVMGGFIGDTTFNNNSG
C02_s325	4	38	13.839910	1.655679	QRQEVTNTISGDARISGPVIQAGNVFGGIHLGGPD
C03_s002	1	30	9.170783	0.508754	AAPLSAGGIDLREAKGVQVGNGTTQNNTFH
C03_s014	1	27	8.097168	1.962234	AGTTVHVAGNIYGQQIGDRTHQRNEFH
C03_s031	1	30	9.422891	2.025685	EGRPGEPPVDLRHARGVQVGDHNEQHNTFS
C03_s036	3	31	4.280365	-0.431145	AGGKYNVVFQGEVKAAQVGDNNKMENKFG
C03_s038	2	30	11.135759	1.403756	TDRARHHIDLRHAKGVQLGDNNTQNNTFH
C03_s043	1	30	10.685016	1.308374	GARAAKYQVNAPHAMGVQIGDNTTQTNTFH
C03_s045	1	33	9.762499	1.172894	GASRGKYAVQIYGAQGVQVGDRNTQTNNYRSGP
C03_s049	3	28	6.914779	0.522295	DTGKYNVTVQGGKGVQIGDNNTQINK
C03_s051	1	29	7.502526	2.429465	GGKFVVDASHATGVIIGDHGVQHITIQRP
C03_s057	1	25	6.122251	1.240360	GPKYQVTVTDSIGVINGDQNKVTFH
C03_s067	1	30	9.668780	0.658852	GSTSGKYQLDLREARGVQIGDGNTQHNTFH
C03_s071	1	30	9.461652	0.538600	GTQAGKYRVLLHGNKGVQIGDHNTQTNTFG
C03_s074	2	30	8.537975	1.081461	GGPALSGNTFNGPTAIVMGDHGRQDNHFG
C03_s078	1	24	3.436553	0.007587	KSSVFVFKAVSALMFGDHNVQNNY
C03_s090	2	25	4.358479	-0.315026	NPNNIDKLININQDGKDNTQNNIF
C03_s092	1	23	5.430038	0.252977	MSNPEINIGQGGTGNTQNNTFNF
C03_s101	2	29	7.545309	1.524783	GQAGETVVDLRNAKGVQVGHSNVQHNSF
C03_s103	1	29	6.694988	0.199823	PPAPGKYEVKLSQAKGVQIGDLSVQTNHF
C03_s118	1	31	4.618701	1.289173	SGGEAIRIINSKNVVIGDSSVQGNFIVGDSN
C03_s125	1	33	8.709778	1.530426	SSEAQVSGNVFRGPTAFQVGDGGDGNQQDNRFG
C03_s139	1	30	6.995759	2.393709	TSGQTIVNTTFHGPANVQYGHHSRQDIRFG
C03_s144	1	31	11.177605	2.096225	VSDRRYGQVEVRDNQGVQVGDHNTQTNTFTS
C06_s013	1	32	7.255594	1.251838	ASTGSGVDIDNATVTGSMKIAGVRAGAQEPPD
C06_s019	4	29	5.597981	1.134681	GTGVRVRQGKFSGDIEITDVRAGRKP
C06_s021	3	30	5.635051	1.821415	TGTGVRISRGTFSGEIEIGSVRVGHQEP
C06_s025	1	32	1.927733	0.737331	ERIHGGIRGKSWSAAGDIRFSDVNGGKSSGNR
C06_s026	2	31	3.398671	0.470793	RVRGGIRGKDWVIEKDARFSDIGAGGPTSG
C06_s043	2	31	3.993530	-0.398503	NQKATRDGSVNQEMIKEVKAKSIDVGNLNQ
C06_s045	7	37	2.840490	-0.678635	GKPQGKQILGKGLKVGGKAKFGDITITNKSH
C06_s046	5	32	3.397554	0.435972	NVVKDANIEVAGNVKIGDKNSDGSNYDQ
C06_s049	3	30	6.727592	0.545004	AGVGVKVRKAEIAGDIEIKGVRAGGASE
C06_s050	2	37	4.023409	0.011821	EGDAQVKQVLLKNIDVAGDAEIGDMSQSSSGGNVSQ
C06_s051	8	38	3.121019	0.074886	RQVMASGIEISGDLEAEDMSQKATRSSSVQQ
C06_s080	1	32	1.943813	-0.553346	QLAAWGVDVKEIIAAKDVIADQISGTAGGLRS
C06_s081	3	32	3.462787	-0.399424	PENVVRQVMASGIKAKGKIKAGDMNQEAKP
C06_s086	1	32	8.972843	2.219561	QSTGGGVRVRDAKVAGSIDISGVSSGQTGPPP
C06_s088	1	32	5.831243	1.819680	RSEGGAVRVRGAKVAGPVEISDINSGPQGSTS
C06_s093	4	28	3.625139	0.473585	AVQKIFENVQAEGNITVGDITQIYQ
C06_s096	1	32	6.774350	2.167730	TATGTGVRVRGGRFSGDIDIQNIDARPGDSTH
C06_s115	2	30	2.962568	0.584695	AVAAGVKLTRVDADGEIEISDITAAGGRG
C06_s120	2	32	4.878667	1.716992	EGGSGVTAEDVSAGGSVRIQGVKVRATQEPP
C06_s123	2	32	4.421116	0.974471	QGGSGVVAEDLTADGSLRVSGVSARGPEEPP
C06_s127	1	34	2.846434	0.407158	VTAEAEAGSAVQQRVASDLEATEDVDLGNVSAKQ
C07_s008	7	35	5.205887	0.444050	QPATVINSTKLADSIKNVFQGNTIIGGTF
C07_s014	1	38	3.611707	-0.243064	KAQKSTSKNPAKIAETIGINNQNILGGEVYQAFGQGGI
C07_s016	3	36	5.055999	0.074113	KTEKHSPTVINQQKLADEIKNNFQGNTFNNTTFQ
C07_s018	3	33	1.467892	-1.011092	QSSVVKNYNFSKLAEEIKIEKGGILAQNIDT
C07_s032	6	26	-0.171829	-0.420451	KKLSDKIGQVIFPGGKGVIEN
C07_s042	7	37	4.203695	0.329047	QQPTVQVLGKLAEKIGLVVQSGGRVSIQNFH
C07_s049	4	36	6.889928	1.173923	QPSIIQNFTNTVDKNYGGNVGNVSNDNRTQTFN
C09_s006	1	37	5.561825	1.647385	AGATVTAAGERSVAVRDNRGIVQTGDGSTAWQGPGRR
C09_s008	1	24	4.282374	1.631687	AGQATASGDRSVAGTITGSNVVTR
C09_s015	1	30	7.093203	2.208892	APQVRQNIIASGQNATAQGVVGGSIHNHAA
C09_s017	1	30	5.999650	2.033799	APTRTYHVAAHGPNSAAIGSVGDGATFRFG
C09_s021	1	28	7.638599	1.537648	AVGGPVTINATGAGSVAAMRIDGPVTVG
C09_s027	1	28	3.557573	1.413204	EHAPGASGERAIAAGESIGVAVSGDNAR
C09_s036	1	36	9.129659	1.824341	GGAGGTTVIASGERSVAAGGNIGIAITGDGPAGSRT
C09_s050	4	31	6.076357	2.297904	GGNVQVSADRGSVAAGVIHGGVSIGRPS
C09_s053	10	38	8.610562	1.808998	ASGERSVAIGGDNSGVVSTGDDATNVSQR
C09_s056	5	28	5.698165	1.630069	GPRAVSVDGSNPGIIQTGDNVSAT
C09_s058	5	31	6.654150	1.778980	TASGTRSVAAQTISGTVNTGDRARIQR
C09_s061	1	31	6.859416	2.121999	PAPRGDVTASGERSVAAGGSIGTAITGDNSH
C09_s063	2	36	6.730188	2.499867	GVSVTAVGERSVAVGHNSGIIQTGDNASARQGDTR
C09_s075	1	38	3.744575	0.270722	QAAAGVTAGDNSIAVGGNADIKADRGSAAALRMGDVTL
C09_s078	1	38	6.174900	1.205090	QGGASAGEGGLAVGGNVDIRAEQGSIAAGIIHGGAQIG
C09_s091	1	38	5.612620	1.748318	SGARPPASAPTAGDGGLAVGGDMSIRADGGSVAAGVIH
C09_s106	2	27	5.274033	1.221958	QASKATVTAGDHAVAVGGDVTMEATG
C12_s006	3	29	4.802308	-0.007493	TTSIIENWQGINVKGGNNTISGNTFNF
C12_s012	4	27	3.337677	-0.577628	ENWQGINFKDSNPIIQGNNFNFYP
C20_s001	1	33	3.234128	0.830131	ARNDFPVAAINANAQDESRQINIAHLEGNPTFQ
C20_s007	3	14	2.221306	-0.067878	RQYDNYGRDQYN
Ccya03_s008	1	28	4.823318	0.666637	HVEITNNDFGNMNQIVREQSTGYQTKTG
Ccya03_s015	3	27	4.772646	1.057587	QDNRDNATGFQIDADNSTVYAGINH
Ccya03_s017	3	27	6.121491	1.467457	GDNRVNISGGNVQGFIQENHGTVTQ
Ccya03_s020	6	28	3.119951	-0.284095	QDNSQMVMNIDGQNNTGYQTKNE
Ccya03_s036	1	30	5.099480	0.327180	TLNQIQDNSSQTQNIYDGGTGFQNKIDGGT
Cnlr26_s007	1	34	2.191716	-0.123663	SETNSNEINLSATAQDQSKVNLIGKIEAKTVIVS
